Response Type,Duration (in seconds),LibConAgriculture,LibConGreenEnergy,LibConParkServices,LibConOil,LibConAuto,LibConEducation,LibConHealthCare,LibConRunners,LibConCampers,LibConGardeners,LibConFishers,LibConHunters,LibConRockClimbers,LibConSurfers,LibConGay,LibConRepublicans,LibConDemocrats,LibConGenZ,LibConMillenials,LibConBoomers,LibConStudents,LibConLiberals,LibConConservatives,LibConApple,LibConMicrosoft,LibConChristians,LibConAtheists,LibConStraight,LibConRich,LibConPoor,LibConMiddleClass,LibConMen,LibConWomen,LibConBlack,LibConWhite,LibConAsian,LibConHispanic,LibConRural,LibConCity,LibConJew,LibConMuslim,CCCAgriculture,CCCGreenEnergy,CCCParkServices,CCCOil,CCCAuto,CCCEducation,CCCHealthCare,CCCRunners,CCCCampers,CCCGardeners,CCCFishers,CCCHunters,CCCRockClimbers,CCCSurfers,CCCGay,CCCRepublicans,CCCDemocrats,CCCGenZ,CCCMillenials,CCCBoomers,CCCStudents,CCCLiberals,CCCConservatives,CCCApple,CCCMicrosoft,CCCChristians,CCCAtheists,CCCStraight,CCCRich,CCCPoor,CCCMiddleClass,CCCMen,CCCWomen,CCCBlack,CCCWhite,CCCAsian,CCCHispanic,CCCRural,CCCCity,CCCJew,CCCMuslim,ValAgriculture,ValGreenEnergy,ValParkServices,ValOil,ValAuto,ValEducation,ValHealthCare,ValRunners,ValCampers,ValGardeners,ValFishers,ValHunters,ValRockClimbers,ValSurfers,ValGay,ValRepublicans,ValDemocrats,ValGenZ,ValMillenials,ValBoomers,ValStudents,ValLiberals,ValConservatives,ValApple,ValMicrosoft,ValChristians,ValAtheists,ValStraight,ValRich,ValPoor,ValMiddleClass,ValMen,ValWomen,ValBlack,ValWhite,ValAsian,ValHispanic,ValRural,ValCity,ValJew,ValMuslim,BSC1,BSC2,BSC3,BSC4,EcoDam1,EcoDam2,EcoDam3,EcoDam4,EnvDeg1,EnvDeg2,EnvDeg3,EnvDeg4,Age,Gender,Race,Education,SexualOrientation,LibCon,Serious
Survey Preview,444,8,1,3,9,5,2,4,3,7,5,9,9,1,3,2,10,1,1,2,7,2,0,9,5,6,7,3,5,8,3,6,5,4,3,6,3,6,8,2,3,9,3,6,5,1,1,2,2,5,7,5,5,3,6,7,4,1,6,6,5,6,6,7,2,2,4,5,4,4,4,2,2,5,5,1,2,4,2,1,2,5,2,1,1,1,-1,2,3,2,-1,0,1,0,-2,0,1,1,2,-1,-1,1,-1,1,0,-2,0,1,-1,-1,-1,3,-3,1,1,-2,-1,-1,1,0,0,1,3,-2,2,2,1,-1,3,3,2,3,1,-1,3,-2,25,Male,White,Bachelor's Degree,Heterosexual,2,Yes
Survey Preview,185,8,1,2,8,8,2,4,2,3,8,5,9,7,8,4,10,6,3,7,8,2,6,4,3,6,5,7,6,4,4,5,7,3,3,7,6,7,7,2,2,4,6,6,3,6,6,4,6,5,4,7,5,3,5,6,3,5,5,5,3,3,3,5,6,4,3,4,6,3,5,3,6,4,4,6,4,5,5,3,4,5,5,0,0,0,0,0,0,0,-1,0,1,-2,1,1,2,1,0,0,1,-1,2,1,-1,-1,2,-1,-1,1,0,0,1,0,0,1,0,1,2,1,1,2,2,0,0,1,-1,0,-1,1,-2,-2,3,-2,2,-2,28,Female,Black/African-American,Bachelor's Degree,Bisexual,9,No
Survey Preview,202,3,8,7,7,5,6,8,7,6,7,8,7,5,5,0,5,5,6,5,8,3,0,5,6,3,6,3,8,6,5,7,6,5,5,5,7,7,5,4,6,7,7,7,7,1,1,4,4,6,4,5,4,5,5,5,4,5,5,5,5,5,5,4,3,5,5,3,2,4,2,4,5,2,3,3,5,5,4,3,5,6,4,-1,1,1,0,1,-1,-1,1,-1,0,2,0,2,0,1,-2,0,1,1,-1,1,0,1,1,1,0,1,-1,1,-1,0,-1,2,0,0,0,1,1,2,0,1,,,,,,,,,,,,,,,,,,,
IP Address,337,7,2,3,8,7,5,5,5,5,5,7,8,4,3,1,8,2,2,3,7,2,2,8,4,5,8,3,5,7,5,6,6,4,3,5,5,4,8,3,5,3,3,6,6,2,2,4,4,4,4,5,3,2,5,6,5,2,6,6,5,3,6,6,2,5,5,3,5,4,2,4,4,4,5,3,4,2,4,3,3,4,4,1,1,1,-2,0,1,2,1,1,2,-1,-2,1,0,-1,-1,0,0,-1,-2,0,0,-1,1,0,1,-2,2,-1,-1,1,0,1,0,1,0,0,-2,0,-1,-1,1,1,1,1,1,2,2,2,-2,1,1,-2,54,Male,White,Master's Degree,Heterosexual,6,Yes
IP Address,352,6,4,4,6,5,4,5,4,4,5,5,6,5,5,4,9,2,3,4,8,3,1,10,5,5,6,4,5,6,2,6,5,4,4,6,5,4,7,2,6,4,5,7,6,4,4,4,4,5,5,5,4,4,5,5,4,4,6,6,5,4,6,7,4,5,4,4,4,4,4,4,5,4,5,4,4,4,4,4,5,4,4,1,1,1,1,1,1,2,1,1,2,1,-1,1,1,1,1,0,0,1,1,1,0,1,0,1,1,1,1,1,0,1,1,1,1,1,1,1,1,1,1,1,-1,0,-1,-1,-1,0,-1,-1,1,-1,-1,1,38,Male,White,Bachelor's Degree,Heterosexual,6,Yes
IP Address,437,4,2,4,7,7,4,5,5,6,5,6,7,4,5,4,7,3,3,4,7,4,2,8,3,5,7,4,5,7,5,6,5,5,4,5,6,6,6,3,4,6,6,7,6,3,3,5,5,5,5,6,6,5,5,5,6,5,7,6,5,3,6,7,5,6,5,5,5,5,3,3,5,5,5,5,5,5,5,3,5,5,3,-1,1,0,-2,-1,-1,2,0,-1,0,-1,-1,0,1,-1,-1,1,0,-1,-1,1,1,-1,1,0,0,-1,1,-2,-1,0,-1,0,0,0,1,0,-1,1,0,-1,1,2,2,2,0,1,2,0,-1,1,1,0,45,Male,White,Some college (no degree),Heterosexual,6,Yes
IP Address,361,8,1,3,7,6,2,4,3,5,4,7,8,5,5,0,8,0,5,4,8,4,0,10,0,5,5,2,5,5,3,5,7,6,3,5,6,4,9,2,4,6,6,6,7,5,5,6,7,7,7,7,7,7,7,7,6,4,7,6,5,5,5,7,5,5,6,5,6,6,6,4,4,4,5,5,6,6,5,4,4,5,4,3,2,3,-1,0,2,3,3,3,3,3,-1,3,3,2,0,0,3,0,-1,2,0,0,1,1,0,-1,0,-1,2,3,1,2,2,0,2,2,-1,1,0,0,3,2,2,2,0,0,2,0,0,-1,-1,1,38,Male,White,Bachelor's Degree,Heterosexual,6,Yes
IP Address,387,6,0,2,8,7,5,5,5,4,5,7,8,2,2,5,9,2,3,3,5,5,2,10,3,5,10,3,5,8,5,5,7,6,3,7,7,8,8,2,8,10,6,7,7,1,1,4,4,7,7,7,7,6,7,7,4,1,5,5,5,1,5,6,1,4,4,1,4,4,2,3,4,4,5,3,4,2,4,4,3,2,2,3,3,3,-2,1,1,3,3,3,3,-1,-1,3,3,0,-2,-1,-1,-1,-1,0,0,-3,0,0,-3,0,0,-1,0,0,0,0,0,0,0,0,0,0,0,-1,3,3,3,3,3,3,3,3,-3,3,3,-3,44,Female,Multiracial,Some college (no degree),Bisexual,5,Yes
IP Address,414,7,1,4,9,8,3,4,4,7,5,8,8,3,1,0,10,0,2,2,9,2,0,10,4,4,8,1,5,9,4,6,6,4,3,6,5,4,7,2,4,4,6,7,6,2,4,5,5,4,6,5,6,4,7,5,6,1,6,6,6,2,6,6,2,5,4,3,5,4,2,4,3,4,5,4,4,4,5,5,3,4,4,2,-1,1,-2,-1,2,3,1,1,1,0,-1,1,-1,-1,0,0,-1,-1,0,-1,0,0,0,-1,0,-2,1,-2,-2,2,0,0,-2,0,1,-1,-1,-1,-1,-1,-1,2,1,0,1,3,3,2,-2,2,3,-2,50,Male,White,Bachelor's Degree,Heterosexual,1,Yes
IP Address,402,7,2,6,6,7,2,5,4,4,5,6,7,6,5,0,7,3,5,4,7,1,2,8,3,5,8,4,4,5,2,7,7,3,6,5,5,6,8,1,3,9,4,7,4,2,3,6,5,5,4,4,4,3,4,4,7,2,7,6,4,3,6,7,2,5,4,4,4,4,4,2,3,3,5,1,5,3,2,2,7,4,1,-1,0,0,-1,0,1,2,0,1,0,1,-2,0,0,2,-2,-1,-3,-1,-2,-1,-2,-1,-1,-1,-3,1,-1,-3,2,0,-2,2,2,-2,1,1,-2,-2,0,-1,2,1,2,1,0,0,3,-1,3,-1,-3,1,35,Male,White,High school completion,Heterosexual,10,Yes
IP Address,507,7,4,5,6,6,2,3,4,5,5,6,8,5,3,4,7,2,3,1,8,2,0,10,3,8,7,5,5,7,4,6,5,5,5,5,5,5,8,2,6,5,6,7,6,6,5,6,5,6,6,6,6,6,6,6,6,6,6,7,7,6,7,6,5,6,6,5,6,6,6,4,6,6,6,5,6,6,5,5,5,6,5,0,0,1,-1,0,-1,1,2,2,2,1,-1,1,1,-1,0,0,0,-1,0,0,-1,0,0,0,-1,-2,2,0,-2,0,0,0,-2,2,-1,-2,-1,-1,-1,-1,2,1,3,1,2,2,3,2,-3,2,1,-3,60,Female,White,Bachelor's Degree,Heterosexual,8,Yes
IP Address,298,5,5,5,5,5,5,5,4,8,5,10,5,6,6,4,10,6,3,7,3,2,0,10,4,6,0,4,6,3,4,7,1,4,6,6,2,4,4,6,6,5,6,6,5,5,3,3,0,3,5,6,6,5,3,2,4,6,4,4,4,4,4,3,5,4,5,4,4,4,5,4,4,5,4,4,4,4,4,4,4,4,4,2,1,-1,1,2,2,1,1,1,2,1,2,1,2,-1,2,1,1,1,0,1,2,1,1,1,1,-3,2,1,-2,2,1,0,-1,1,-1,1,-1,1,2,-3,2,1,1,1,,2,1,1,1,2,1,2,43,Male,Asian/Asian-American,Some college (no degree),Heterosexual,,Yes
IP Address,429,5,5,5,5,5,5,5,5,5,5,5,5,5,5,5,8,2,3,4,6,5,0,10,5,5,5,5,5,10,5,5,5,5,5,5,5,5,6,5,5,5,5,5,5,4,4,4,4,5,7,7,7,7,6,6,4,1,1,4,4,3,4,4,4,4,4,4,4,4,1,4,4,4,4,4,4,4,4,4,5,4,4,1,1,1,0,0,1,1,0,0,0,0,0,1,1,0,0,0,0,0,0,0,0,0,0,0,0,0,0,-3,0,0,0,0,0,0,0,0,0,0,0,0,3,3,3,3,1,3,3,1,1,2,3,-2,34,Female,White,Bachelor's Degree,Bisexual,5,Yes
IP Address,443,6,2,2,9,6,0,3,5,7,5,7,8,5,4,0,7,0,1,1,8,0,0,10,1,3,10,1,3,5,3,5,5,2,5,5,4,2,2,1,2,3,6,7,4,2,4,6,5,4,5,6,3,2,4,4,2,5,5,5,6,4,5,5,6,4,4,5,3,7,3,2,4,5,7,2,6,4,5,5,5,3,4,1,3,0,1,2,3,2,0,1,2,0,-2,0,1,-2,1,-3,0,-3,0,0,-3,3,0,0,3,-3,3,-2,-1,2,3,3,-1,3,3,0,2,2,-2,0,1,3,2,2,0,1,3,-2,3,1,1,-2,28,Male,White,Bachelor's Degree,Heterosexual,8,Yes
IP Address,365,2,1,2,9,8,1,5,5,3,4,5,7,2,5,1,9,1,1,1,7,1,0,10,5,5,10,1,5,7,1,3,5,3,0,5,6,2,9,7,7,5,6,7,6,2,2,6,5,6,6,5,6,3,6,4,4,2,6,6,6,4,6,7,2,4,4,3,6,4,3,5,4,4,5,5,4,4,4,3,4,4,4,1,2,2,-2,-2,2,3,1,2,1,0,-1,1,1,0,-1,0,0,0,0,1,0,-1,0,1,2,0,1,2,-1,0,1,1,-1,2,0,0,-1,2,0,0,1,2,3,2,0,2,2,2,-2,1,2,-2,36,Male,White,Associate's Degree,Heterosexual,1,Yes
IP Address,453,5,3,4,8,6,3,5,5,5,5,6,7,5,5,2,8,3,5,4,7,4,3,8,5,5,7,5,5,7,3,4,5,4,3,5,3,4,8,3,4,6,5,6,5,2,3,5,3,4,4,5,5,2,4,4,5,2,6,5,5,2,5,6,2,4,4,3,4,4,2,4,5,4,5,4,4,5,4,3,5,4,4,0,2,1,-2,0,1,1,2,1,2,1,-1,1,1,0,-1,1,-2,-1,-2,0,1,-1,0,0,1,-1,2,2,-2,2,2,1,0,2,0,-1,-2,1,0,-1,1,2,2,2,1,1,2,2,-2,2,2,-2,25,Male,Asian/Asian-American,Bachelor's Degree,Heterosexual,1,Yes
IP Address,256,6,3,5,7,7,6,5,5,5,5,5,5,5,5,3,8,4,4,5,6,5,0,10,5,5,6,3,5,5,5,5,6,4,5,5,5,5,5,5,5,7,4,6,5,3,4,4,4,5,4,5,4,4,5,4,4,3,4,4,4,4,4,5,3,4,4,4,4,4,1,4,4,4,4,4,4,4,4,4,3,4,4,0,0,0,0,0,0,1,0,0,0,0,0,0,0,-1,-1,-1,0,0,-1,0,-1,-1,0,0,1,-2,0,0,-2,0,0,0,-1,0,0,0,-1,0,-2,0,3,3,3,3,3,3,3,3,-3,3,3,-3,31,Male,White,Master's Degree,Heterosexual,2,Yes
IP Address,607,7,3,6,7,7,5,4,3,7,3,7,8,3,3,2,8,2,2,3,8,2,2,8,5,5,8,2,6,8,5,6,6,3,6,4,7,3,8,2,7,9,3,6,4,2,3,3,3,3,3,5,2,2,5,5,5,3,5,5,4,2,3,5,3,3,4,3,5,3,2,2,3,2,5,3,4,3,3,3,3,3,3,1,0,1,-2,-1,1,2,1,1,2,-1,-1,1,1,-2,1,-1,-1,-1,-2,0,-1,1,1,0,1,-1,2,-1,-1,1,-1,0,-3,2,1,-1,-1,-1,-1,-3,2,2,2,2,2,2,2,2,-2,2,0,-2,28,Male,Black/African-American,Bachelor's Degree,Gay or Lesbian,6,Yes
IP Address,350,6,4,4,6,5,5,5,5,5,5,5,7,4,4,2,9,1,2,2,3,5,1,9,5,5,7,4,5,7,5,3,5,3,5,5,5,5,6,5,5,5,6,6,6,4,4,4,4,4,7,5,7,3,7,7,4,3,6,5,6,5,6,5,3,4,4,4,4,4,4,4,5,0,4,4,4,4,4,4,4,4,4,3,3,3,0,0,3,3,0,3,3,0,-3,3,0,0,-2,0,0,0,0,0,0,-2,0,0,0,0,0,0,0,0,0,0,0,0,0,0,0,0,0,0,3,3,3,3,1,3,3,3,-3,3,3,-3,63,Male,White,Associate's Degree,Heterosexual,2,Yes
IP Address,576,5,2,5,5,5,5,5,5,5,5,5,7,5,3,0,10,0,4,4,5,4,0,10,5,5,8,5,5,9,3,5,5,5,1,5,5,5,6,3,5,5,6,6,6,6,6,6,6,6,6,6,6,6,6,6,6,6,5,6,6,6,5,5,6,6,6,6,6,6,6,6,6,6,6,5,6,6,6,6,6,0,6,2,2,2,2,2,2,2,2,2,2,2,2,2,2,0,0,0,0,0,0,0,0,0,0,0,0,0,0,0,0,0,0,0,0,0,0,0,0,0,0,0,2,2,2,2,2,2,3,2,-3,2,2,-3,54,Male,White,Bachelor's Degree,Heterosexual,5,Yes
IP Address,732,7,1,4,8,5,5,5,5,5,5,6,7,4,2,2,8,2,3,2,7,5,0,10,4,5,8,3,6,7,5,5,7,5,4,6,5,4,8,3,5,5,5,7,7,2,2,4,5,5,7,5,6,6,5,5,5,2,5,6,6,2,6,6,1,5,4,2,5,4,2,1,4,4,4,5,3,2,4,2,2,3,4,0,0,0,-2,-2,2,2,0,0,1,1,-1,0,-1,0,0,1,0,-1,-1,0,0,1,3,-1,2,-2,2,2,0,2,2,0,-1,3,0,-1,-2,1,0,-2,2,2,3,2,3,3,3,3,-2,1,2,-3,37,Female,White,Bachelor's Degree,Asexual,1,Yes
IP Address,413,9,2,4,9,7,0,4,8,7,8,9,10,9,3,2,8,2,3,6,6,3,0,10,1,5,7,2,5,1,3,7,6,4,2,5,6,4,9,1,4,3,7,7,7,3,3,7,5,6,7,7,5,3,5,7,5,3,7,6,5,2,6,7,3,6,6,3,5,4,3,1,3,3,6,3,3,3,3,3,6,3,2,2,1,3,-2,-1,2,1,2,1,3,1,-1,1,2,2,-1,1,1,-1,-1,1,1,-1,1,1,1,-1,2,-1,-1,1,2,3,-1,1,-1,1,-1,1,1,-2,1,2,2,2,2,3,2,1,-1,2,1,-2,39,Male,White,Bachelor's Degree,Heterosexual,6,Yes
IP Address,556,8,0,3,9,8,1,3,5,6,5,7,7,5,3,2,8,2,2,2,6,3,1,8,1,5,6,5,5,6,3,5,6,3,1,5,4,3,8,1,4,6,1,5,6,1,1,5,4,4,2,4,1,1,3,3,5,1,6,5,5,2,5,6,1,5,4,3,4,3,1,2,3,2,5,1,3,2,4,2,5,2,1,0,-1,1,-2,0,1,2,0,-1,1,-3,-3,-1,-1,0,-1,0,0,0,-1,0,0,-1,0,0,-1,0,1,-1,0,1,-1,1,-2,2,-1,-1,0,-1,-1,-2,1,1,2,1,-3,-1,-1,-3,3,-3,-2,2,42,Male,White,High school completion,Heterosexual,5,Yes
IP Address,206,5,3,3,5,5,3,5,5,7,3,7,8,5,5,5,7,3,5,4,5,5,1,7,2,5,5,6,5,5,1,4,5,4,5,5,5,6,6,4,5,5,6,7,6,3,3,4,4,4,5,6,6,4,4,4,4,3,5,4,4,4,4,4,4,4,4,4,4,4,4,4,4,4,4,4,4,4,4,4,4,4,4,0,1,0,0,0,2,3,1,0,2,0,-1,1,1,0,0,0,0,0,0,0,1,0,0,0,1,-1,0,1,-3,0,0,0,0,-1,0,0,0,0,0,-2,-3,-3,-3,-3,0,1,0,0,3,-3,-3,2,34,Male,White,Associate's Degree,Heterosexual,6,Yes
IP Address,363,2,0,1,10,5,0,1,5,7,5,6,9,0,2,0,9,2,0,0,9,1,0,10,5,5,8,0,5,10,2,3,7,2,2,8,2,6,10,1,3,7,7,7,7,1,3,6,7,7,7,7,7,3,6,7,7,1,7,7,7,1,7,7,1,4,4,2,7,4,1,7,6,2,6,5,2,7,5,7,5,3,6,-1,2,0,-2,0,3,3,2,1,2,1,-2,0,1,-2,-2,1,-2,-2,-1,-2,1,-2,2,1,2,-1,2,1,-3,0,1,-1,0,2,1,-2,-2,1,-1,-3,3,3,3,3,3,3,3,3,-3,3,3,-3,38,Male,Multiracial,Bachelor's Degree,Heterosexual,0,Yes
IP Address,578,7,1,1,8,7,2,3,4,5,5,5,9,2,2,1,10,3,1,1,9,1,2,10,3,5,9,1,5,10,0,7,7,3,1,5,4,4,7,1,2,2,7,7,7,1,3,6,5,6,7,6,7,3,7,6,6,1,6,7,7,1,7,6,1,6,5,2,6,5,1,6,5,3,5,6,3,5,5,2,5,5,3,-1,1,0,-1,0,-1,1,1,0,1,0,-2,0,0,-3,-2,2,-3,-3,1,-2,1,-2,0,0,3,-3,3,3,-3,3,0,1,-2,3,-3,-3,-2,1,-3,-3,2,2,2,2,2,2,2,2,-2,2,2,-2,44,Male,White,Some college (no degree),Heterosexual,1,Yes
IP Address,576,7,2,5,8,5,3,5,4,5,6,7,7,5,5,3,9,4,5,3,9,3,1,9,3,5,9,3,5,5,5,8,6,4,4,7,5,6,8,3,5,6,5,7,6,3,3,5,4,4,5,5,5,5,5,5,6,1,5,6,6,1,5,6,1,6,5,2,6,4,5,3,2,4,5,4,4,4,4,4,5,4,4,0,-1,2,-2,1,0,2,1,0,2,0,0,0,-1,1,-1,-1,-2,-3,-2,-1,-2,-1,-1,-1,0,-2,0,1,-3,0,0,1,-2,0,1,0,-2,-1,0,-1,3,2,2,2,0,2,3,3,-3,1,2,-3,35,Male,White,Master's Degree,Heterosexual,0,Yes
IP Address,475,8,0,1,10,9,1,3,5,5,5,9,10,5,5,0,10,4,1,0,0,1,0,10,5,5,10,0,6,10,7,6,7,6,6,6,5,5,8,2,4,8,7,7,7,1,3,7,7,7,7,7,7,2,7,7,7,1,6,7,7,5,7,7,1,4,4,1,7,5,4,7,5,7,7,7,7,7,6,7,4,7,7,1,3,3,-3,-2,2,2,2,2,3,-1,-2,3,2,-2,0,0,3,3,3,2,-1,0,3,3,3,-3,3,3,-1,0,3,3,-1,3,-1,-1,3,3,-1,-1,3,3,3,3,3,3,3,3,-3,3,3,-3,67,Male,White,Associate's Degree,Heterosexual,2,Yes
IP Address,559,8,4,4,8,7,4,5,4,5,5,6,8,4,3,3,9,4,4,3,8,3,2,9,4,5,8,3,5,8,6,6,6,5,4,5,7,7,9,3,7,8,3,6,6,1,3,4,4,6,5,6,4,2,5,6,4,2,5,4,4,2,5,5,2,4,4,4,4,4,3,2,3,4,4,4,4,3,4,2,5,4,4,-1,1,1,-1,0,2,3,2,2,2,1,-1,1,-1,-1,-1,-1,-1,-2,-2,1,-1,-1,2,0,0,-1,2,-1,-2,2,-1,2,-1,2,0,-1,-2,-1,-1,-3,3,3,3,3,-2,2,0,3,-3,2,-1,-3,34,Male,White,Associate's Degree,Heterosexual,2,Yes
IP Address,300,4,1,1,9,9,1,2,3,4,4,4,10,3,1,1,10,1,2,2,3,2,1,9,4,4,8,1,3,9,4,4,4,3,2,3,7,3,8,3,6,6,5,7,7,1,2,5,5,6,7,6,7,3,6,7,5,1,6,6,6,5,6,6,1,5,5,3,6,5,1,2,5,3,5,5,5,3,5,2,5,5,3,-1,2,2,-1,1,1,2,1,1,2,1,-1,1,2,-1,1,1,1,1,-1,1,1,1,2,1,1,1,2,1,-2,2,2,1,-1,2,-2,-1,-1,1,-1,-2,3,3,3,3,3,3,3,3,-3,3,3,-3,59,Female,Native Hawaiian or Pacific Islander,Bachelor's Degree,Heterosexual,1,Yes
IP Address,282,7,1,5,9,8,3,3,8,8,7,7,8,8,7,0,10,0,4,3,2,2,0,10,5,5,8,5,9,9,2,8,8,5,2,8,5,5,8,5,5,2,5,6,6,2,4,6,5,5,6,6,6,4,5,5,5,6,2,3,5,5,5,4,6,4,4,5,2,5,4,2,5,5,5,2,6,3,5,4,4,2,2,3,2,3,0,2,3,3,2,2,2,2,2,1,1,-2,2,-2,0,0,1,2,-1,1,1,0,1,0,3,0,-1,2,2,2,1,2,1,1,1,1,0,-2,-2,-1,-2,-3,-3,-3,0,-3,3,-2,-2,2,40,Male,White,Bachelor's Degree,Heterosexual,7,Yes
IP Address,442,10,2,7,10,8,2,3,5,8,4,8,9,3,1,1,10,2,0,1,10,2,0,10,2,5,9,1,8,10,3,7,7,5,2,7,5,6,9,1,4,4,5,6,6,1,2,4,2,5,6,6,6,3,6,6,4,2,6,6,6,2,6,6,2,5,3,2,4,4,2,4,4,4,4,4,4,4,4,3,5,4,4,0,-1,0,-2,0,1,2,2,1,-1,-1,-1,1,2,-1,1,0,-1,-1,0,-1,-1,1,1,0,0,-2,0,3,-2,0,-1,1,-1,0,0,0,1,1,0,0,-2,-2,-2,-2,1,1,1,,-1,1,-1,0,40,Male,White,Associate's Degree,Heterosexual,0,Yes
IP Address,386,2,1,2,8,2,2,2,9,9,8,9,9,9,9,2,8,2,5,2,0,1,2,8,2,3,7,1,2,2,3,2,2,2,4,2,8,3,6,2,3,5,7,7,6,1,2,5,5,6,6,6,5,3,5,6,3,2,5,4,5,4,0,5,5,4,5,4,5,5,5,4,5,5,5,4,5,3,5,5,5,5,4,2,2,2,2,2,2,2,2,2,2,2,2,2,2,1,1,2,2,2,0,2,2,2,1,1,1,2,2,2,1,2,2,2,2,2,0,2,2,2,2,-1,-1,-1,0,0,1,2,0,0,-1,-2,-2,-1,30,Female,White,Bachelor's Degree,Heterosexual,2,Yes
IP Address,246,5,3,6,6,6,5,4,5,6,6,5,5,5,5,4,10,0,4,5,5,2,5,10,3,5,5,6,5,5,6,5,7,2,5,5,7,5,7,5,5,5,6,7,6,1,1,4,4,4,6,5,6,6,5,5,5,2,6,4,4,4,4,5,2,4,4,1,2,4,4,2,4,3,4,2,4,4,4,6,2,4,4,0,2,1,-1,0,1,1,2,1,0,1,0,1,0,1,-1,0,0,-1,-1,0,1,-1,0,0,0,-1,0,0,0,1,-2,0,0,0,0,0,0,0,0,0,-3,-3,-3,-3,0,0,2,-1,2,0,-2,-1,26,Male,Asian/Asian-American,Some college (no degree),Heterosexual,5,Yes
IP Address,408,4,4,2,6,9,2,9,7,3,2,3,4,6,7,0,6,2,0,3,2,5,0,10,2,1,8,1,2,9,2,4,6,3,1,5,5,0,2,3,1,7,5,6,3,4,4,3,0,5,2,3,4,4,3,5,2,3,6,4,3,1,6,6,5,1,4,6,2,5,2,3,5,5,5,1,4,1,1,5,2,2,2,1,3,1,-2,1,-1,3,1,2,3,1,-1,2,-2,-3,1,-1,-2,-1,1,0,-1,2,-2,1,2,-1,-3,2,-2,0,2,0,-3,2,0,-2,-1,1,1,-3,2,3,3,3,3,2,1,0,-2,-3,3,-3,34,Male,White,Bachelor's Degree,Heterosexual,7,Yes
IP Address,778,6,1,2,9,7,4,3,5,6,5,6,8,4,2,5,10,3,4,4,8,4,0,10,3,5,7,5,5,9,5,5,5,5,5,5,5,5,6,5,5,6,7,7,7,1,2,5,5,4,7,7,5,5,6,6,4,2,4,4,4,2,4,5,1,5,4,4,4,4,2,4,4,4,4,4,4,4,4,5,3,4,4,3,3,3,-1,1,3,3,3,2,3,0,0,2,2,3,-3,0,0,1,-2,3,1,-1,0,0,0,3,3,-3,2,2,3,3,3,3,3,3,1,2,3,3,3,2,2,2,1,1,3,2,-2,3,2,-3,43,Male,White,Some college (no degree),Heterosexual,3,Yes
IP Address,504,6,1,2,8,6,4,5,5,5,5,6,9,4,2,1,9,2,2,3,8,2,1,9,4,5,9,1,5,8,4,5,5,4,1,5,5,3,9,2,4,5,5,7,7,1,1,5,4,4,5,5,5,5,5,5,4,1,6,5,5,1,5,6,1,4,4,4,5,4,3,4,4,4,4,4,4,4,4,4,4,4,4,0,1,1,-2,-1,1,1,0,1,1,1,-1,1,1,0,-1,0,0,0,-1,0,0,-1,0,0,0,0,0,-1,0,1,0,0,0,0,0,0,-1,0,0,0,3,3,3,3,3,3,3,3,-3,3,3,-3,34,Male,White,Bachelor's Degree,Heterosexual,0,Yes
IP Address,853,8,1,5,7,8,3,5,5,6,5,10,10,5,3,0,10,0,3,5,5,4,0,10,5,5,10,2,6,9,4,5,6,5,4,6,5,5,9,4,5,5,6,7,7,1,1,4,4,4,4,6,1,1,4,6,4,1,7,5,5,4,5,7,1,4,4,4,4,4,3,4,4,4,4,4,4,4,4,4,4,4,4,2,1,1,-2,0,2,3,2,2,2,2,0,2,2,-1,0,0,-1,-1,0,0,0,0,0,0,1,-1,1,1,-1,0,1,0,0,1,0,0,0,-1,0,0,2,2,2,2,3,3,3,2,-3,3,3,-3,31,Female,White,Master's Degree,Heterosexual,0,Yes
IP Address,235,5,5,5,5,5,5,5,5,5,5,5,5,5,5,5,9,1,5,4,6,5,0,10,5,5,5,5,5,5,5,5,5,5,5,5,5,5,6,4,5,5,2,6,5,2,2,4,4,4,4,4,4,4,4,4,4,4,4,5,5,3,4,6,4,4,4,4,4,4,3,4,4,4,4,4,4,4,4,4,5,4,4,1,1,1,-1,0,1,3,0,0,0,0,0,0,0,0,0,0,0,0,0,0,0,0,0,0,0,0,0,0,0,0,0,0,0,0,0,0,0,0,0,0,2,2,2,2,1,2,2,1,-2,2,2,-2,25,Male,White,High school completion,Heterosexual,5,Yes
IP Address,424,5,3,1,8,7,2,4,2,5,5,5,8,3,4,1,9,3,1,2,8,4,1,10,5,5,8,4,5,9,3,6,5,4,1,5,7,4,8,4,8,10,3,6,7,1,2,5,4,4,4,5,5,2,5,4,4,2,4,5,5,1,5,5,1,2,4,3,4,4,3,2,3,3,4,3,3,4,3,1,4,4,4,1,1,1,0,2,3,3,1,2,3,0,-2,1,0,-1,0,1,-1,-1,1,1,1,-1,0,0,2,-1,2,0,-1,2,3,0,-1,3,1,-1,-1,1,0,-2,3,1,2,0,3,3,3,3,-2,2,3,-3,24,Male,Black/African-American,Some college (no degree),Bisexual,0,Yes
IP Address,1029,10,0,0,5,10,0,0,0,10,0,10,10,8,0,0,10,0,0,0,10,0,0,10,0,5,8,0,5,10,10,5,10,0,0,10,0,0,10,0,10,10,7,7,7,1,1,4,7,7,7,7,1,1,7,7,7,1,7,7,7,1,7,7,1,4,4,7,4,5,1,1,6,1,7,5,1,7,1,1,1,1,1,3,3,3,3,3,3,3,3,3,3,3,-3,3,3,-3,-3,0,0,-2,-3,3,1,-3,3,3,2,-3,3,3,-3,1,-3,-2,-3,3,1,0,-3,-1,-3,-3,3,3,3,3,3,3,3,3,-3,3,3,-3,29,Male,Asian/Asian-American,Bachelor's Degree,Heterosexual,0,Yes
IP Address,568,6,1,5,8,5,2,3,2,8,2,7,9,2,1,0,8,1,1,2,8,1,0,10,0,3,8,4,4,9,2,4,6,3,2,5,4,2,8,2,7,4,3,7,5,2,2,6,3,6,2,6,3,2,4,6,6,2,6,6,7,2,7,7,1,6,5,2,4,3,3,3,3,3,5,4,5,3,3,2,6,3,4,0,3,1,-3,-1,2,1,2,2,2,2,-2,0,1,0,-2,1,-1,-2,1,-1,-2,-1,1,-1,2,-2,0,2,-1,-1,2,1,-1,0,-1,-1,1,-2,1,-2,1,2,1,1,3,2,2,3,-3,2,2,-2,39,Female,White,Bachelor's Degree,Heterosexual,3,Yes
IP Address,361,6,2,5,8,5,4,5,5,5,5,5,8,5,4,1,10,1,3,2,7,3,0,10,4,5,9,2,5,7,3,5,5,5,4,5,5,3,8,2,2,7,6,7,7,3,5,4,4,5,5,5,5,5,5,5,5,2,6,6,6,4,6,6,2,5,5,3,6,5,3,5,5,5,5,5,5,6,5,5,5,5,5,2,3,3,-2,1,3,3,1,1,1,0,-1,0,0,-1,-1,0,-1,-1,-1,1,-1,-1,1,0,-1,-3,1,-2,-1,2,0,1,-2,-1,-1,-1,-1,-1,-2,-2,1,1,1,1,2,2,3,2,-2,2,2,-2,37,Male,Latino,Bachelor's Degree,Heterosexual,1,Yes
IP Address,671,2,0,0,5,5,3,5,5,5,5,5,5,5,5,2,10,3,5,3,5,2,0,10,5,5,9,5,5,7,3,5,5,5,3,5,5,3,5,5,5,3,7,7,5,4,4,4,4,6,6,6,6,6,6,6,4,4,6,4,5,5,5,6,4,4,4,5,4,4,2,4,5,4,5,5,4,4,4,4,4,5,4,0,0,0,0,0,0,0,1,1,1,1,0,1,1,0,1,-1,0,0,0,0,-2,0,0,0,0,0,0,0,0,0,0,0,0,0,0,0,0,0,0,0,1,1,1,1,-1,-1,1,0,2,1,1,-3,45,Female,White,High school completion,Heterosexual,10,Yes
IP Address,643,7,1,3,8,7,2,2,4,7,6,6,8,5,4,1,9,2,2,3,7,2,1,9,2,4,8,2,7,8,2,3,6,3,2,7,6,4,9,1,3,4,3,7,6,1,3,6,6,5,4,5,4,2,4,5,6,2,7,6,6,5,6,7,2,6,4,3,5,3,5,4,5,3,5,5,4,4,4,2,6,6,4,0,1,1,-1,-1,1,2,2,2,2,2,-1,2,1,-1,0,1,-1,-1,-1,0,0,0,0,0,1,-2,2,1,-1,1,2,0,-1,1,0,-1,-1,1,0,-1,3,3,3,3,2,3,2,3,-2,3,3,-2,69,Male,White,Some college (no degree),Heterosexual,0,Yes
IP Address,494,9,1,5,9,5,2,9,2,5,8,8,9,1,1,1,9,0,1,1,8,1,0,9,4,3,8,1,5,5,5,5,7,3,5,5,5,5,8,3,9,5,4,7,5,3,3,6,4,7,4,4,4,4,5,7,7,3,7,7,7,3,7,7,3,6,7,4,3,4,5,4,5,4,6,5,4,4,4,4,7,3,4,-1,-1,2,1,0,1,2,1,0,0,0,-1,0,1,1,-1,0,1,1,0,1,0,0,0,0,-1,0,0,2,-1,0,0,0,0,1,0,-1,1,1,-1,-1,3,3,3,3,3,3,3,0,1,0,1,-2,69,Female,White,Some college (no degree),Heterosexual,10,Yes
IP Address,429,8,7,8,3,2,5,3,3,3,7,2,2,2,6,6,4,5,3,5,6,3,1,6,5,6,5,8,4,3,7,3,4,4,5,5,9,7,3,1,7,9,6,6,5,2,3,3,5,5,5,5,5,5,5,5,4,4,5,2,4,6,4,1,5,2,4,1,1,1,2,2,5,5,5,3,5,2,1,5,2,5,1,2,1,2,-1,-1,1,2,2,2,2,1,2,2,2,1,-1,1,0,1,0,1,2,-1,1,-1,1,-1,1,-2,-1,1,1,1,-1,2,-1,-1,0,1,-1,-3,1,2,2,2,2,2,2,2,-2,3,2,-2,31,Male,Black/African-American,Associate's Degree,Heterosexual,2,Yes
IP Address,181,0,0,0,10,0,0,0,5,5,5,5,5,5,5,0,10,0,5,0,10,5,5,10,5,5,10,5,10,10,5,5,5,5,5,0,5,5,5,5,5,5,6,7,1,1,1,6,7,4,5,4,5,5,5,4,4,2,5,5,2,4,4,4,5,1,3,7,4,4,7,5,4,5,5,5,5,4,4,4,2,4,4,0,3,0,-3,0,3,3,1,1,2,0,2,1,1,1,0,0,1,0,-3,3,1,0,0,0,-3,0,-3,-2,0,0,2,2,3,1,0,0,0,1,0,0,3,2,2,2,3,2,3,1,3,3,3,2,25,Male,White,High school completion,Gay or Lesbian,0,Yes
IP Address,299,2,1,4,8,8,2,1,4,5,3,5,7,5,4,2,8,2,5,3,6,5,0,9,5,5,8,5,5,8,4,5,5,5,2,5,5,5,5,5,5,5,7,7,7,1,3,7,7,7,7,7,7,7,7,7,4,3,5,4,5,4,5,5,2,4,4,4,4,4,2,4,5,4,4,4,4,4,4,7,4,4,4,3,3,3,-1,1,3,3,3,3,3,3,1,3,3,3,1,2,2,2,1,3,2,1,3,3,2,2,3,1,3,3,3,3,3,3,3,3,3,3,3,2,3,3,3,3,3,3,3,3,-3,3,3,-3,44,Male,White,Some college (no degree),Heterosexual,3,Yes
IP Address,492,9,5,1,8,8,3,5,5,9,8,8,9,5,3,1,10,1,6,2,10,1,0,10,4,5,7,0,5,7,5,7,5,5,5,5,5,5,8,1,5,5,7,7,7,4,3,6,4,6,6,7,7,7,5,6,4,6,7,6,7,2,6,7,5,5,4,5,4,4,4,4,4,4,4,4,4,4,3,6,2,4,4,0,3,2,-1,1,1,3,2,0,2,2,-1,1,2,0,0,2,0,3,-2,1,3,-1,0,0,-2,0,1,0,0,0,-1,1,0,0,0,-1,0,1,0,0,3,3,3,3,1,1,2,0,1,2,1,0,39,Female,White,Some college (no degree),Heterosexual,8,Yes
IP Address,368,8,2,2,9,7,3,2,2,5,1,8,7,5,7,2,9,3,2,3,9,3,3,8,3,4,7,2,5,6,5,5,6,5,3,5,3,3,8,3,3,4,4,6,6,1,2,5,5,5,5,6,3,2,5,5,5,2,5,5,5,2,5,5,1,4,4,3,5,5,2,5,4,3,5,5,5,5,4,2,5,4,5,0,1,1,-2,-1,0,2,1,0,0,-2,-2,0,-1,0,-1,1,-1,-2,-2,1,1,-1,0,0,1,0,2,1,-2,1,1,-1,0,1,1,-1,-1,1,1,-1,2,1,2,1,2,2,2,2,-2,3,1,-2,30,Female,White,Some college (no degree),Heterosexual,2,Yes
IP Address,1141,6,3,4,6,5,5,5,5,4,5,5,6,4,4,3,9,3,4,4,7,4,0,10,5,5,6,4,5,7,6,5,5,5,4,5,4,4,6,5,4,5,5,5,5,2,5,5,5,5,5,5,5,5,5,5,5,2,5,5,5,3,5,5,2,5,5,5,5,5,3,5,5,5,5,5,5,5,5,5,5,5,5,1,0,0,-2,0,1,2,0,0,0,0,0,0,0,-1,-1,-1,0,-1,0,1,-1,-1,0,0,0,-1,1,0,-1,0,1,-1,-3,1,-3,-3,-1,0,-1,-3,2,2,2,2,2,3,3,3,-2,3,2,-3,29,Male,White,Bachelor's Degree,Gay or Lesbian,0,Yes
IP Address,428,5,2,5,9,8,5,4,5,7,5,5,8,7,5,9,10,0,1,1,9,4,0,10,8,5,8,5,5,1,2,6,7,3,2,7,5,2,9,8,8,5,7,3,7,3,5,5,5,7,7,7,7,7,7,7,6,6,4,6,6,5,6,5,5,5,5,4,5,5,5,4,6,5,5,4,5,5,5,5,3,5,5,3,2,3,1,3,3,3,3,3,3,3,2,2,2,-1,1,0,1,-1,2,1,0,0,1,1,2,-3,3,-1,-1,2,2,1,-1,2,-1,-1,2,0,1,-3,3,3,3,3,3,3,2,2,2,3,2,2,55,Female,White,Some college (no degree),Heterosexual,5,Yes
IP Address,538,8,0,5,10,6,0,2,5,9,7,7,8,5,5,2,8,1,2,4,7,2,1,9,5,5,6,0,5,0,5,5,5,5,5,5,5,5,8,2,2,5,6,7,7,3,6,7,6,6,6,6,6,6,6,6,7,5,7,7,6,6,7,7,5,6,6,6,7,6,6,6,6,6,6,6,6,6,6,6,7,6,6,-1,3,1,-3,-3,0,1,0,0,-2,-1,-3,0,0,1,-3,3,0,0,-1,0,3,-3,1,0,-3,3,0,2,-1,0,-1,0,1,-2,-2,0,-2,3,1,1,2,2,2,2,2,2,3,0,1,0,2,-2,39,Male,White,Some college (no degree),Heterosexual,8,Yes
IP Address,749,6,3,7,9,5,2,1,5,4,7,7,9,4,3,0,10,0,2,2,7,3,0,10,0,3,6,1,5,3,5,5,5,5,1,4,3,2,8,1,5,4,6,7,5,1,1,2,2,5,5,5,3,2,4,6,5,2,6,7,6,1,5,6,3,4,4,4,5,4,4,4,6,3,6,2,6,5,3,4,2,4,4,0,2,-1,0,0,-1,1,2,1,2,2,0,1,1,1,-1,1,0,-1,-2,0,1,-1,1,-1,0,1,0,1,-2,2,0,0,0,-1,0,0,-1,0,0,-1,3,2,3,3,3,3,3,3,-3,3,3,-3,40,Female,White,Master's Degree,Heterosexual,5,Yes
IP Address,319,7,0,1,10,9,1,2,2,2,1,6,7,3,1,1,9,2,3,2,8,1,0,10,2,6,10,1,5,3,2,6,7,2,2,6,4,5,8,2,1,9,3,7,7,1,1,3,4,6,7,7,5,3,6,5,6,2,7,7,7,3,6,7,3,5,4,2,6,4,4,4,5,3,5,4,6,4,4,3,6,5,3,1,3,1,-1,-1,1,-1,1,1,2,0,-1,0,1,-1,-1,0,-1,-1,-2,1,1,0,2,1,2,-3,3,-2,-3,2,-2,0,-2,-1,-1,-2,-2,1,-1,-3,1,1,3,-1,3,3,2,3,-2,3,2,-2,30,Male,White,Bachelor's Degree,Heterosexual,4,Yes
IP Address,300,8,3,2,2,5,3,6,8,6,2,4,3,1,7,10,1,4,9,10,9,10,9,9,10,5,2,10,7,9,7,9,7,7,10,7,3,7,7,9,9,9,6,4,5,6,6,5,5,4,6,5,5,6,6,5,5,5,6,5,4,5,7,6,6,6,5,7,6,5,6,5,5,7,5,7,5,6,6,6,5,6,6,2,0,1,2,0,3,2,2,2,2,1,1,1,2,2,1,3,3,0,2,1,3,2,2,1,1,2,1,2,2,2,3,1,3,2,2,1,1,2,1,1,1,2,2,1,0,1,2,2,1,2,1,2,45,Male,Black/African-American,Master's Degree,Bisexual,1,Yes
IP Address,409,6,2,6,8,7,2,5,5,6,6,7,8,6,3,2,7,1,3,4,7,3,1,9,4,4,8,2,5,8,2,5,6,4,4,5,6,4,8,2,6,9,5,6,5,1,2,6,4,4,6,6,4,4,4,4,5,2,6,5,5,3,5,7,2,4,4,5,3,4,1,2,4,4,5,4,4,4,4,5,3,2,4,2,1,0,-1,0,2,2,1,1,1,0,0,1,0,1,1,1,0,0,-2,2,-1,-1,1,0,-1,-1,0,-1,-3,1,1,1,0,1,0,0,-1,0,0,0,1,1,1,0,2,2,2,2,-2,2,0,-2,32,Male,White,Associate's Degree,Bisexual,4,Yes
IP Address,240,2,9,3,3,1,2,3,5,6,2,2,4,6,0,2,6,10,5,6,10,3,0,1,7,5,6,3,2,9,8,4,5,10,6,8,0,6,8,9,10,0,7,2,7,4,3,7,2,4,4,7,6,1,5,3,7,4,7,1,1,5,1,7,4,3,6,7,7,3,6,1,1,4,6,6,1,1,1,1,3,7,5,1,1,-3,0,1,-3,1,3,-2,2,3,-1,-2,-3,-3,2,3,3,2,3,1,-3,3,1,2,1,2,1,1,1,2,2,0,-2,-1,-3,-2,-2,-3,3,1,-2,0,2,-1,2,-1,-2,2,-2,3,3,3,25,Male,White,Bachelor's Degree,Heterosexual,7,Yes
IP Address,372,9,10,9,10,8,9,8,8,10,10,9,9,7,7,10,9,10,10,8,8,7,8,10,10,6,9,10,8,7,9,7,9,7,8,7,9,10,9,9,9,10,6,6,7,6,7,5,5,6,7,5,7,6,7,5,5,6,5,6,7,7,5,7,7,6,5,6,7,5,7,5,6,6,5,6,6,7,6,5,6,7,6,1,1,3,2,3,2,2,2,2,3,2,3,1,1,1,3,3,3,1,1,1,3,1,1,3,3,2,1,2,2,2,2,3,2,3,3,2,2,2,2,1,2,2,3,1,2,1,2,3,3,1,2,2,32,Female,Black/African-American,Master's Degree,Bisexual,7,Yes
IP Address,512,1,1,4,8,5,1,1,2,2,2,2,4,2,2,1,10,1,1,3,9,5,0,10,2,6,1,8,8,8,1,3,5,1,1,6,5,2,1,7,7,8,7,7,1,3,1,5,5,6,7,7,4,6,5,6,4,4,6,4,4,4,5,6,4,4,4,6,4,4,4,4,4,4,4,4,4,4,4,6,4,4,4,2,3,0,0,1,3,3,2,2,2,2,1,1,3,2,0,2,2,1,-1,1,2,0,1,1,1,-2,0,2,0,0,0,0,2,0,0,0,2,0,-1,-2,1,2,2,2,2,-1,2,2,-1,2,2,-2,36,Female,Black/African-American,Bachelor's Degree,Heterosexual,6,No
IP Address,664,9,1,8,6,7,1,6,5,9,6,9,9,7,3,1,9,1,4,4,7,3,1,9,4,5,8,3,7,2,6,6,8,4,4,6,6,5,9,2,5,5,6,6,7,4,4,4,5,5,7,6,7,7,7,5,5,5,6,4,5,4,5,5,5,4,4,5,4,5,4,5,5,5,6,5,5,5,4,6,3,4,4,2,0,2,1,2,0,2,1,2,2,2,2,2,0,0,2,-2,-1,-1,1,0,-2,2,0,0,2,-1,2,-1,1,1,2,2,1,2,2,1,2,0,1,-1,2,2,2,2,1,1,3,1,2,1,2,-2,55,Male,White,Associate's Degree,,6,Yes
IP Address,355,5,5,4,8,7,3,3,6,8,5,4,7,5,5,3,3,6,4,6,1,2,5,5,5,4,9,6,4,7,5,4,9,6,2,5,4,3,4,6,3,3,5,4,3,5,3,5,5,4,4,3,4,5,4,4,3,4,4,6,4,4,2,6,6,5,4,7,2,6,5,2,5,6,5,2,7,3,3,4,4,3,3,-1,0,-1,1,0,2,0,1,1,2,-1,0,0,1,-1,2,1,1,0,0,0,0,0,0,1,3,0,3,2,-1,0,3,0,-1,3,-1,-1,0,0,-1,0,1,2,2,1,1,0,0,1,0,0,-1,2,24,Male,White,Bachelor's Degree,Heterosexual,8,Yes
IP Address,608,6,2,5,8,5,4,5,5,5,5,6,8,5,4,2,9,1,4,4,7,4,0,10,5,5,8,3,5,7,4,7,5,5,4,6,5,5,8,4,4,5,2,7,6,1,2,6,4,5,5,6,5,5,5,5,4,2,6,5,5,3,4,6,2,4,4,3,4,4,2,3,3,4,4,4,4,4,4,5,3,4,4,1,2,1,-1,1,2,3,2,2,1,1,-1,2,1,1,1,1,1,1,-1,1,1,1,2,1,2,-1,1,2,-2,2,1,1,-1,-1,-1,1,-1,2,1,-1,2,2,2,2,1,3,3,3,-3,3,2,-3,43,Male,White,High school completion,Uncertain or Questioning,2,Yes
IP Address,354,8,3,6,7,6,2,8,5,6,6,8,8,5,3,0,9,1,4,3,9,2,0,10,7,3,6,3,7,10,4,6,6,2,1,7,6,4,8,2,3,5,7,7,6,2,5,6,6,4,5,6,2,6,4,4,4,2,6,5,7,2,5,7,3,3,5,5,6,4,2,5,4,4,6,2,5,3,3,6,3,5,5,2,2,0,1,2,3,2,0,1,3,0,-2,2,-2,2,2,-2,-1,2,2,2,-1,1,1,1,3,0,3,3,-1,3,3,1,2,1,2,0,1,0,3,2,3,0,2,1,1,0,2,2,-1,2,2,-2,22,Male,Latino,Some college (no degree),Heterosexual,6,Yes
IP Address,765,5,0,4,8,5,4,5,5,5,5,7,10,2,1,3,10,0,1,1,6,4,0,10,5,5,6,5,5,10,4,5,5,5,4,5,5,5,6,4,2,6,5,7,7,3,4,5,5,4,7,4,4,1,7,6,4,1,7,7,7,4,4,7,1,4,4,4,4,4,2,4,4,4,4,4,4,4,4,4,4,7,4,2,3,3,-1,0,3,3,2,2,2,0,-3,2,1,2,-2,3,2,2,2,2,3,-2,2,2,2,2,2,0,2,2,2,2,2,2,2,2,2,2,2,2,1,2,3,3,3,3,3,3,-3,3,3,-3,56,Female,White,Master's Degree,Heterosexual,0,Yes
IP Address,917,9,0,4,9,8,0,5,5,8,9,8,8,4,5,2,9,0,3,4,8,3,0,10,5,5,10,1,5,0,8,8,5,5,6,6,3,7,9,2,9,5,7,7,7,5,4,7,5,7,6,6,7,5,7,6,7,4,7,5,7,6,6,7,4,4,4,4,7,4,7,3,5,5,6,6,6,4,5,5,6,6,4,3,0,2,3,2,1,3,2,2,3,2,1,1,2,0,3,0,-1,2,3,1,1,3,2,0,3,0,3,2,2,2,2,2,3,3,3,3,2,1,3,2,1,2,1,1,0,-1,1,-2,3,-1,0,0,71,Female,White,Associate's Degree,Heterosexual,10,Yes
IP Address,187,9,8,8,7,8,8,10,9,9,9,9,7,9,7,10,3,9,2,5,9,8,10,0,9,10,4,8,9,9,10,10,9,9,10,9,9,10,2,1,9,9,5,5,5,1,5,5,5,6,6,5,5,5,3,5,7,5,2,6,4,7,5,5,3,5,2,3,2,4,7,4,3,6,7,6,5,7,2,4,3,4,5,1,1,3,1,2,1,3,1,-1,1,-1,-2,-1,1,2,2,0,1,2,2,-1,0,0,1,3,0,3,-1,3,3,3,0,3,0,3,0,0,3,3,0,3,0,0,2,2,2,2,0,0,0,3,3,0,28,Male,Black/African-American,Master's Degree,Bisexual,8,Yes
IP Address,462,6,3,5,6,5,1,4,5,6,5,5,8,6,5,1,9,1,2,4,8,2,1,9,3,5,9,3,5,9,1,7,6,6,3,6,6,3,6,1,7,4,4,6,5,2,3,6,4,4,4,4,4,4,4,4,4,2,6,6,6,2,5,6,2,4,4,3,4,4,4,4,4,3,4,4,4,4,4,3,6,4,4,1,0,1,0,-1,0,2,2,2,2,2,0,2,2,0,-1,-2,-1,-2,-1,1,-2,-1,-1,1,-2,-2,1,-2,1,2,2,2,2,2,2,1,2,0,1,1,-2,-2,-2,-2,-1,-2,2,-2,2,-2,-2,0,36,Male,White,Some college (no degree),Heterosexual,7,Yes
IP Address,351,10,8,10,10,10,7,10,10,7,8,10,9,8,9,8,9,9,9,9,7,9,7,10,8,10,9,10,6,5,9,10,8,10,9,10,9,8,8,9,10,8,7,6,6,7,7,5,4,7,5,6,7,6,7,5,7,7,7,6,6,6,6,6,6,7,5,5,4,7,7,7,5,6,5,6,6,4,6,5,7,7,6,1,3,0,3,2,1,3,0,3,2,1,3,3,3,2,0,-1,2,0,3,3,3,1,0,3,3,2,0,-1,3,1,1,3,0,1,2,2,3,1,2,3,2,3,2,2,3,3,1,2,2,1,3,3,63,Female,Black/African-American,Master's Degree,Bisexual,6,Yes
IP Address,543,6,3,4,8,7,5,5,5,5,5,5,8,5,3,3,9,1,2,2,5,3,1,9,4,5,7,2,5,7,5,5,5,4,1,5,2,5,8,3,4,5,5,6,6,1,3,4,4,4,5,5,2,2,5,6,4,3,5,5,5,4,5,5,3,4,4,4,4,4,4,4,4,4,4,4,4,4,4,5,4,4,4,-1,0,0,-2,0,-1,2,1,0,1,0,-1,0,0,-1,0,0,-1,-1,0,0,0,0,0,0,2,-2,2,2,-2,0,1,0,-1,1,-1,-1,0,0,-1,-2,2,2,2,2,2,3,3,1,-2,2,2,-2,60,Female,White,Bachelor's Degree,Heterosexual,1,Yes
IP Address,718,9,2,5,2,8,2,5,5,4,5,6,9,5,4,0,10,1,3,2,9,3,0,9,2,5,9,0,6,8,5,5,5,8,7,5,9,7,8,1,9,9,3,7,5,1,2,4,3,5,6,6,5,2,6,4,4,4,6,4,4,4,4,5,4,4,4,5,4,4,2,4,5,4,5,5,5,3,4,4,3,4,4,-2,3,1,-3,-2,1,1,2,0,2,0,-2,0,0,-1,-2,0,0,-2,1,0,-1,-2,0,0,-2,0,0,-3,-1,0,0,0,-3,-1,-1,0,-2,0,-3,-3,2,2,2,2,2,2,2,2,-2,2,3,-2,39,Female,Black/African-American,Associate's Degree,Heterosexual,5,Yes
IP Address,376,6,1,2,10,8,5,5,8,5,5,6,9,3,3,2,8,2,2,2,6,2,2,8,4,5,8,4,5,9,2,0,5,5,3,5,3,2,7,2,6,4,6,7,7,1,2,6,5,5,6,6,5,2,6,6,5,2,6,5,6,2,7,6,2,4,3,3,5,5,2,4,5,5,5,5,5,5,4,3,5,4,5,-1,0,2,-3,-1,2,2,2,1,2,0,-1,1,1,-2,-1,-1,0,-2,-1,-1,-2,0,-1,0,0,-1,1,-2,-2,2,0,0,-1,1,-1,-1,-2,-1,-1,-1,1,2,2,2,1,2,3,1,-2,2,2,-2,54,Female,White,Bachelor's Degree,Heterosexual,2,Yes
IP Address,545,3,10,9,0,2,10,9,2,2,2,6,10,2,1,0,10,0,0,0,1,0,0,10,0,2,9,2,6,10,1,4,7,0,0,6,1,3,8,2,2,1,5,7,7,1,2,7,7,7,7,7,3,1,6,7,7,1,7,7,7,3,7,7,1,6,7,6,7,7,1,6,6,6,7,7,5,7,7,5,3,7,7,2,3,3,-2,1,3,3,2,2,2,-1,-2,1,1,3,-2,3,1,1,3,3,3,-2,2,3,3,3,3,0,3,3,1,3,3,0,3,3,3,2,3,3,2,2,2,2,3,3,3,2,-2,3,2,-2,55,Female,White,Bachelor's Degree,Heterosexual,0,Yes
IP Address,551,7,1,6,8,7,4,4,5,7,5,6,8,6,4,1,7,3,3,6,6,3,1,9,3,5,9,4,6,7,5,6,5,5,6,5,7,7,8,5,6,7,6,7,6,1,2,5,5,5,6,5,5,3,5,4,6,3,5,6,5,4,6,6,3,5,6,2,5,4,2,4,5,4,5,3,4,3,3,5,3,3,3,2,0,0,1,1,1,2,1,1,1,1,-1,1,0,0,0,-1,-1,1,1,0,-2,1,0,0,-1,1,1,-1,0,2,1,1,0,1,1,0,2,0,1,0,1,1,1,1,-1,-1,2,-1,1,-1,1,1,58,Male,White,Some college (no degree),Heterosexual,8,Yes
IP Address,759,5,1,7,5,2,3,3,5,5,5,5,5,5,5,2,10,0,5,1,0,5,0,10,5,5,5,1,5,10,1,5,5,5,0,10,3,2,0,2,3,2,4,7,7,2,2,5,7,4,4,4,3,5,5,6,5,4,4,4,2,4,4,4,4,4,4,4,4,4,2,4,4,4,4,4,4,4,4,7,4,4,6,3,2,2,1,2,2,3,1,2,2,0,-2,1,1,-2,-1,3,0,0,2,0,3,-2,2,1,3,-2,2,-1,0,0,0,0,-2,0,0,-1,1,2,0,0,2,2,2,3,2,3,1,1,0,2,0,-1,30,Female,Black/African-American,Bachelor's Degree,Heterosexual,0,Yes
IP Address,701,5,0,4,7,6,5,5,5,5,5,6,7,5,4,1,10,0,3,4,6,4,0,10,5,5,7,1,5,8,3,5,6,4,3,6,5,3,8,3,6,4,6,7,7,1,3,5,4,6,6,6,5,4,5,5,5,2,6,7,5,3,7,6,2,5,4,3,6,5,2,2,5,5,5,5,5,3,5,5,5,5,5,1,1,1,-3,0,3,3,1,0,0,-1,-2,0,1,1,-1,1,0,0,-2,0,1,-1,0,0,-1,-1,2,3,-2,0,-1,1,1,1,-1,-1,-1,1,0,-2,2,2,2,2,3,3,3,3,-3,2,3,-3,42,Male,White,High school completion,Heterosexual,4,Yes
IP Address,226,3,2,2,8,8,2,0,1,8,2,8,9,7,6,1,8,3,3,3,9,6,0,10,3,6,8,2,3,4,5,1,4,5,3,1,2,5,8,5,4,8,7,7,7,4,1,3,4,2,5,2,6,5,5,4,5,1,6,5,5,5,5,7,4,2,2,5,5,4,6,2,5,0,5,5,6,2,3,5,5,5,3,-1,1,1,0,-2,0,0,-2,0,-1,1,0,2,-1,1,0,2,0,1,-2,2,1,-1,-1,-2,0,-1,1,-2,-1,0,1,-2,0,1,2,0,0,-2,1,-2,1,0,0,1,0,1,1,0,-2,0,1,0,30,Male,White,Some college (no degree),Heterosexual,1,Yes
IP Address,421,8,2,6,7,7,4,5,5,5,4,7,6,5,5,1,9,1,2,3,8,4,1,9,2,5,5,2,5,7,4,5,5,4,3,5,4,4,8,3,3,7,5,7,6,1,2,5,3,5,6,6,3,3,5,5,5,2,6,5,5,2,5,6,2,5,4,3,5,5,2,3,3,5,5,4,3,5,3,3,3,5,5,1,1,1,-2,1,-1,2,2,1,1,2,1,1,1,-1,-1,-2,-1,-2,-2,2,-2,-2,0,0,2,-2,2,-1,-2,1,2,-2,-1,2,0,-1,-2,-1,-1,-1,1,2,2,1,2,3,3,1,-3,2,2,-2,40,Female,White,Some college (no degree),Heterosexual,2,Yes
IP Address,626,4,1,4,9,5,5,5,5,4,4,5,6,4,4,4,9,1,4,4,6,5,0,10,5,5,9,5,5,9,4,5,5,5,5,5,5,5,5,5,6,5,6,7,6,1,1,4,4,4,6,6,5,4,5,5,4,4,6,5,4,3,4,6,3,4,4,4,4,4,2,3,4,4,4,4,4,4,4,5,4,4,4,0,1,0,-2,0,1,1,0,0,1,0,-1,0,0,0,0,0,0,0,0,0,0,0,0,0,0,0,0,0,-1,0,0,0,0,0,0,0,0,0,0,-1,1,1,1,1,2,2,2,2,-2,1,0,-2,39,Male,White,Some high school,Heterosexual,4,Yes
IP Address,639,8,2,4,9,7,0,5,5,7,4,7,10,3,2,3,9,1,2,2,1,1,0,10,1,5,6,3,5,8,3,4,7,4,2,5,4,7,8,2,6,6,3,7,7,3,5,6,4,4,4,6,5,4,5,5,6,4,6,5,7,3,6,7,4,6,4,4,4,5,2,3,6,5,5,4,6,3,3,3,5,4,4,-1,3,2,-3,0,1,3,2,1,1,1,-2,1,0,1,-1,2,1,0,-2,2,2,-1,1,0,1,-2,2,1,-2,-3,1,-1,-1,1,-1,-1,-3,2,0,-2,-2,-1,-2,-1,-2,-3,1,-3,3,-2,-1,2,31,Female,White,Bachelor's Degree,Heterosexual,9,Yes
IP Address,423,5,1,3,9,6,2,4,5,5,5,6,8,3,4,0,10,1,2,3,8,4,0,10,5,5,7,2,5,6,4,5,5,5,2,5,5,4,7,3,6,7,6,7,5,2,4,6,6,5,5,5,5,5,6,6,6,1,2,6,5,3,6,2,1,4,5,3,6,5,2,5,5,5,5,5,4,5,5,4,5,4,4,1,1,2,0,0,2,2,1,1,1,0,0,1,1,-1,-1,0,0,1,0,1,0,-1,0,0,0,0,0,1,-1,2,1,0,-1,1,-2,-1,0,1,-1,-2,1,2,2,2,3,3,3,3,-3,3,3,-3,28,Male,White,Some college (no degree),Heterosexual,0,Yes
IP Address,558,6,5,8,8,7,1,5,3,3,2,2,2,2,3,5,5,2,5,5,5,3,1,10,5,4,3,5,5,5,5,5,5,5,5,5,5,5,5,5,5,5,5,4,4,4,4,5,4,5,5,4,5,4,5,4,4,6,4,5,2,5,4,7,4,4,4,4,2,4,4,4,0,4,4,4,4,4,4,4,4,4,4,1,1,1,1,1,1,1,2,2,2,2,2,2,2,0,0,0,0,0,0,0,0,0,0,0,0,0,0,0,0,0,0,0,0,0,0,0,0,0,0,0,1,1,1,1,2,2,2,2,1,1,1,1,23,Female,Black/African-American,High school completion,Heterosexual,0,Yes
IP Address,299,6,4,5,6,6,5,5,5,5,5,6,6,5,5,5,6,4,5,5,5,5,3,6,5,5,6,5,5,5,4,5,5,5,5,5,5,5,6,5,5,6,4,5,5,3,4,5,4,4,4,5,4,3,4,4,4,3,5,4,4,3,4,5,3,4,4,4,4,4,3,4,4,4,4,4,4,4,4,4,4,4,4,2,2,2,1,2,2,2,2,2,2,2,2,2,2,1,0,0,1,1,0,1,0,0,1,1,1,1,1,0,1,1,1,1,1,1,1,1,1,1,1,1,1,1,1,1,1,0,1,1,-1,1,1,-1,30,Female,Asian/Asian-American,Doctorate (Ph.D.),Heterosexual,4,Yes
IP Address,373,7,2,5,8,7,5,5,5,6,5,6,6,5,4,1,10,1,3,3,8,3,0,10,3,5,8,3,5,7,7,5,5,5,4,5,3,5,8,3,4,5,6,6,6,2,3,5,4,5,5,5,5,5,5,5,4,1,6,5,6,2,5,7,1,6,4,3,4,4,3,3,4,4,4,4,4,4,4,4,4,4,4,0,1,0,-1,0,2,2,0,0,0,0,-1,0,0,0,-1,1,0,0,-1,0,1,-1,1,0,0,0,0,-1,-1,0,0,0,-1,0,0,0,0,0,0,-2,3,3,3,2,3,3,3,3,-3,3,3,-3,39,Male,White,Master's Degree,Heterosexual,1,Yes
IP Address,578,4,3,4,8,7,2,4,3,4,3,5,7,4,3,2,8,3,2,3,7,2,2,9,3,6,8,3,5,4,4,6,7,4,4,6,2,4,8,2,3,7,3,5,6,1,2,4,3,4,6,5,5,5,4,4,5,2,5,6,6,2,5,5,1,5,4,3,5,3,3,2,4,3,5,3,3,5,2,3,3,4,4,0,1,1,-1,0,2,3,3,1,2,2,1,2,1,1,1,1,-1,-1,-1,1,-1,1,1,2,1,-2,2,-1,-2,3,1,1,-2,1,2,-1,-1,0,-1,-2,3,2,2,1,3,3,3,3,-3,2,3,-3,36,Male,White,Master's Degree,Heterosexual,2,Yes
IP Address,388,6,3,3,6,5,4,5,5,6,5,6,6,5,3,2,8,3,4,4,6,4,2,9,4,5,7,3,5,6,5,5,5,5,4,5,6,5,7,4,6,5,5,6,6,4,4,5,5,4,5,5,4,4,4,4,4,4,6,5,5,3,5,6,4,4,4,4,4,4,4,4,4,4,4,4,4,4,4,4,4,4,4,1,1,1,1,1,1,2,0,0,0,0,0,0,-1,0,0,0,0,0,0,0,0,0,0,0,0,0,0,1,-1,0,0,0,0,0,0,0,-1,0,0,0,2,2,2,2,1,2,2,1,-2,2,2,-2,40,Female,White,Bachelor's Degree,Heterosexual,4,Yes
IP Address,440,5,0,5,5,5,2,5,5,5,5,5,5,5,5,5,10,0,5,5,5,5,0,10,5,5,10,5,5,9,1,5,5,5,5,5,5,5,5,5,1,9,7,7,7,1,1,5,4,5,6,7,7,4,5,4,4,4,7,7,4,4,6,4,4,4,4,4,4,4,4,1,4,5,6,4,4,4,4,6,5,4,4,0,0,0,0,0,0,0,0,0,1,0,-1,0,0,0,0,0,0,0,0,0,0,0,0,0,0,0,0,0,0,0,0,0,0,0,0,0,0,0,0,0,3,0,1,1,0,0,3,0,0,0,0,0,34,Female,White,Some college (no degree),Heterosexual,5,Yes
IP Address,434,10,7,10,9,8,9,8,8,8,7,8,10,10,10,10,8,6,8,10,10,10,10,6,10,10,6,8,10,6,8,8,10,10,8,8,7,6,9,10,10,10,7,7,7,6,5,5,6,7,5,5,6,6,7,7,7,7,7,7,5,5,5,6,4,6,7,5,6,7,4,7,5,7,7,7,7,6,4,6,7,6,7,3,3,3,2,0,1,3,3,1,3,0,1,3,3,2,1,1,3,3,3,3,3,3,3,0,1,3,-1,2,3,2,0,2,3,3,1,0,2,3,3,0,3,1,3,1,3,1,1,3,3,1,1,3,32,Male,Black/African-American,Master's Degree,Bisexual,10,Yes
IP Address,1040,8,0,4,8,6,0,5,6,6,5,7,8,6,4,2,7,2,1,3,6,3,1,8,5,5,7,5,5,7,3,6,5,5,3,5,6,7,7,4,2,0,6,7,6,3,4,6,5,6,6,6,6,6,6,6,4,5,6,6,6,5,5,6,5,5,5,5,4,4,5,3,4,4,4,4,4,4,4,5,3,5,3,1,1,1,-1,0,1,2,2,1,2,1,-1,1,1,1,0,1,0,0,-1,-1,1,-1,1,0,-1,0,1,-2,-1,1,-1,1,-1,0,0,0,0,0,-1,-1,1,2,1,1,0,0,3,-3,2,-2,-2,0,67,Female,White,Some college (no degree),Heterosexual,10,Yes
IP Address,443,10,1,5,9,5,2,5,5,4,4,7,8,5,3,1,10,1,2,1,10,1,0,10,4,5,10,1,6,7,3,6,5,4,3,5,6,3,10,1,4,10,4,7,5,1,4,5,4,5,6,6,5,2,5,4,4,1,5,7,6,1,7,5,1,4,4,2,5,4,1,3,4,4,4,4,4,4,4,4,4,4,4,-1,2,0,-3,1,2,2,2,1,0,0,-1,0,0,-1,-1,0,0,0,-2,1,0,0,1,0,1,0,2,1,-2,1,1,0,-1,2,0,0,-2,0,1,0,1,2,2,2,3,3,2,3,-3,0,0,-2,28,Male,Multiracial,Bachelor's Degree,Gay or Lesbian,0,Yes
IP Address,1953,5,3,5,7,5,2,5,5,5,5,7,7,5,5,0,10,0,2,5,7,4,0,10,5,5,5,5,5,8,2,5,5,4,4,5,5,4,7,3,5,4,6,7,5,1,1,5,4,6,6,6,2,2,6,4,4,4,4,5,5,3,5,4,4,3,3,4,4,4,1,3,4,4,4,4,4,4,4,4,2,4,4,1,3,1,-2,0,2,3,1,1,2,0,-1,0,1,-1,-1,-1,-2,0,-2,0,0,0,2,0,0,-1,1,0,-2,0,0,0,-1,0,2,0,-2,1,0,-2,3,3,3,3,2,2,3,2,1,3,2,-3,33,Male,Latino,Bachelor's Degree,Heterosexual,8,Yes
IP Address,126,10,5,7,10,5,3,6,10,5,6,6,1,0,3,1,8,6,1,1,7,6,4,5,5,2,4,5,10,3,8,10,7,8,4,1,9,8,4,2,10,10,6,6,6,7,6,3,3,4,3,7,2,6,3,6,1,4,4,5,5,6,5,5,3,6,1,4,4,7,3,1,3,6,4,3,1,1,7,6,5,3,4,1,1,-3,-1,-1,1,-3,-3,-2,1,0,1,2,1,-3,-3,3,3,-2,0,3,2,3,-1,-3,3,1,-2,-3,3,1,-2,3,3,2,-2,0,2,-3,-1,0,-3,-3,2,0,1,1,3,1,3,0,2,-3,25,Male,White,Bachelor's Degree,Heterosexual,6,Yes
IP Address,550,4,2,5,7,5,5,5,5,6,5,5,5,5,3,1,9,1,2,5,8,5,1,10,4,6,7,3,5,6,1,5,5,5,2,5,6,4,6,5,8,5,6,7,7,1,1,5,4,6,7,7,5,4,6,7,4,2,6,5,5,4,6,6,4,5,4,6,4,4,1,3,5,4,5,3,4,4,4,5,3,4,4,2,3,2,-2,0,2,2,1,1,2,0,-1,2,1,0,-1,0,0,0,0,1,0,0,0,0,1,-1,0,-2,-1,1,0,2,-1,1,0,0,-1,0,-1,-1,2,2,2,2,2,2,0,1,-2,2,2,-2,39,Male,Black/African-American,High school completion,Heterosexual,5,Yes
IP Address,316,5,3,5,8,5,5,5,5,5,5,5,5,5,5,5,10,4,4,5,8,5,3,10,5,5,7,5,5,10,5,7,5,5,5,7,5,5,6,5,5,5,5,5,6,3,4,4,4,4,5,6,5,5,4,4,4,1,4,5,5,2,4,5,2,4,4,4,4,4,1,4,3,4,4,4,4,4,4,5,4,4,4,0,0,0,0,0,0,0,0,0,0,0,0,0,0,0,-3,-3,0,0,-1,0,-3,-3,0,0,0,0,0,-3,1,-1,0,0,0,0,0,0,0,0,0,0,2,1,1,1,1,3,3,2,-1,2,2,-3,29,Male,White,Some college (no degree),Bisexual,0,Yes
IP Address,1047,6,1,6,7,6,3,4,5,5,5,6,7,4,3,3,8,3,4,4,8,4,1,9,5,5,9,2,6,6,4,6,5,5,4,6,4,4,6,5,5,9,5,7,6,2,3,5,5,4,6,6,5,5,4,5,5,2,5,5,5,2,5,5,2,4,4,3,4,4,3,3,4,4,4,4,4,4,4,4,4,5,4,2,3,2,1,1,3,3,2,2,2,2,0,2,2,2,-1,2,2,2,0,2,2,-1,2,2,1,2,2,0,2,2,2,2,2,2,2,2,2,2,2,2,2,2,2,2,1,2,3,1,-2,1,2,-2,42,Female,White,Bachelor's Degree,Heterosexual,2,Yes
IP Address,623,9,9,10,10,9,10,10,10,10,10,9,9,9,10,9,9,9,10,9,10,9,10,10,9,10,10,10,10,9,9,10,10,10,10,9,8,10,10,10,9,9,6,6,6,6,7,7,7,6,6,6,7,7,7,6,7,7,7,6,7,6,6,7,6,6,6,6,6,6,7,6,7,6,7,6,7,4,5,7,7,7,7,2,2,3,3,3,2,2,3,3,2,3,2,2,3,3,2,2,3,3,3,2,3,3,2,3,2,3,3,3,2,2,3,2,2,3,2,2,2,2,2,3,3,2,2,3,3,2,3,2,2,3,3,2,41,Male,White,Master's Degree,Bisexual,10,Yes
IP Address,592,3,3,5,0,0,5,6,5,5,5,8,7,5,5,5,10,0,5,5,5,5,0,10,5,5,10,5,7,8,5,5,5,5,5,5,5,5,5,5,5,5,7,7,7,1,1,4,1,1,7,4,3,1,4,4,4,2,7,4,4,4,4,6,3,4,4,6,4,4,1,4,4,4,4,4,4,4,4,4,4,4,4,0,-3,0,3,3,3,3,0,0,0,0,-2,0,0,-3,2,-1,0,0,-2,0,-3,2,0,0,-1,-3,0,3,-3,0,0,1,-3,0,0,-3,0,0,0,-3,3,3,3,3,3,3,3,3,-3,3,3,-3,30,Female,Latino,Some college (no degree),Heterosexual,8,Yes
IP Address,544,8,1,3,10,10,2,7,5,5,8,10,10,5,2,1,10,1,1,2,5,1,1,10,5,5,8,1,5,9,8,5,5,4,2,5,4,3,8,3,4,5,6,7,6,1,1,4,2,4,6,7,4,1,5,6,4,1,6,6,7,5,6,6,1,4,3,1,6,4,1,5,4,4,5,6,4,4,4,6,4,4,4,2,3,2,-3,-2,2,2,3,0,3,0,-2,0,3,1,0,1,1,1,1,0,1,-1,1,1,0,0,1,-2,1,2,1,1,1,2,1,1,2,1,2,1,3,3,3,3,3,3,3,3,-3,3,3,-3,60,Female,White,"Professional Degree (e.g., J.D., M.D.)",Heterosexual,0,Yes
IP Address,251,4,3,5,9,6,3,3,5,5,5,5,5,5,5,2,9,5,3,3,8,3,0,10,5,5,9,1,5,8,3,5,5,5,5,5,5,5,9,5,5,5,5,7,3,1,3,3,2,3,3,3,3,2,3,3,4,1,3,5,5,2,2,4,1,3,3,2,6,4,2,3,3,4,4,4,4,4,4,2,5,3,3,0,0,0,-1,0,0,0,0,0,0,0,0,0,0,0,0,0,0,0,0,0,0,0,0,0,0,0,0,0,0,0,0,0,0,0,0,0,0,0,0,0,1,2,0,0,2,1,1,0,-2,1,0,-2,29,Male,White,High school completion,Bisexual,1,Yes
IP Address,370,5,1,4,7,7,1,5,5,5,5,5,6,2,2,2,8,1,5,4,3,4,0,10,4,5,5,5,5,6,5,5,5,5,3,5,5,5,7,3,3,5,6,7,7,2,4,5,4,6,6,6,6,6,6,6,4,3,5,5,4,5,5,6,3,5,4,3,5,4,4,4,4,4,4,4,4,4,4,5,5,4,4,0,0,1,-1,0,0,1,1,1,1,1,0,1,1,0,0,0,0,0,0,0,-1,-1,0,0,-1,-2,0,1,-1,0,0,0,-1,0,-1,-1,-1,0,-1,-2,1,1,1,1,1,2,3,1,0,1,1,-2,65,Male,White,Bachelor's Degree,Heterosexual,5,Yes
IP Address,364,5,2,5,7,5,5,5,5,5,5,5,8,5,5,2,9,2,2,3,7,5,3,7,5,5,5,2,5,8,2,5,5,4,3,5,5,7,5,2,5,5,5,7,4,1,3,4,4,4,4,5,4,1,4,4,4,1,5,4,4,4,4,6,1,3,4,4,4,4,2,4,4,4,4,4,4,4,4,4,4,4,4,-2,1,0,0,0,0,0,0,0,0,0,-3,0,0,-1,2,0,0,-1,0,0,-1,0,0,0,0,0,0,1,-1,1,2,-2,-1,0,0,-1,0,0,0,-1,3,3,3,3,3,3,3,3,-3,3,3,-3,39,Female,Asian/Asian-American,Associate's Degree,Gay or Lesbian,3,Yes
IP Address,1793,5,2,5,7,7,7,5,2,7,2,7,8,2,5,3,9,2,2,2,3,5,2,8,2,5,5,5,8,3,5,5,5,5,2,8,2,6,6,3,3,3,6,6,4,3,3,5,6,5,5,6,3,3,5,5,5,3,5,5,5,5,5,6,4,4,4,5,6,4,6,5,5,5,5,5,5,5,5,5,5,4,5,3,3,3,2,3,3,3,3,3,3,3,3,3,3,0,2,3,2,3,2,3,2,1,2,2,3,-3,3,3,1,2,3,3,3,3,2,3,2,2,2,1,2,2,2,2,1,1,2,2,-1,2,2,0,28,Female,Multiracial,Bachelor's Degree,Heterosexual,4,Yes
IP Address,484,4,8,6,7,6,3,7,7,6,8,6,4,6,7,6,7,3,6,8,3,7,4,4,4,6,2,7,6,8,6,3,3,3,7,7,6,3,4,4,6,3,2,7,7,1,2,6,6,5,5,7,6,1,6,5,5,5,3,3,5,6,3,3,5,3,2,5,3,5,6,2,5,5,6,5,5,5,6,2,3,5,3,1,3,2,-2,-1,3,2,1,1,2,1,-2,1,1,-1,-2,2,-1,-2,-1,2,-1,-2,-1,-1,1,-2,1,-1,-1,1,1,2,1,1,1,-1,1,1,-1,-2,2,3,2,1,1,3,2,2,-2,2,2,-2,33,Male,White,High school completion,Heterosexual,6,Yes
IP Address,463,6,5,5,5,5,4,5,5,5,6,5,5,5,5,0,10,0,2,5,8,3,0,10,5,5,9,0,8,10,5,8,5,5,5,5,5,5,7,4,5,5,7,7,7,6,5,7,5,6,7,6,7,7,6,7,4,6,6,4,4,4,4,5,6,4,4,4,6,4,1,1,4,4,4,4,4,5,4,6,6,4,4,3,2,3,3,3,2,2,3,3,3,3,0,3,3,0,0,0,0,0,0,1,0,1,0,0,2,0,2,0,0,1,0,0,0,0,0,0,0,0,0,0,2,2,2,2,2,2,2,2,1,2,2,2,52,Male,White,Associate's Degree,Heterosexual,6,Yes
IP Address,366,7,2,6,8,3,4,3,2,7,6,7,8,4,3,1,8,3,1,2,9,3,1,10,3,6,10,2,6,9,7,7,6,6,3,7,4,3,8,2,6,3,3,7,5,2,3,6,5,6,5,5,3,2,3,5,5,2,6,6,6,2,6,6,2,5,5,2,5,3,3,2,3,3,3,5,3,5,5,1,5,5,5,1,1,1,-1,1,2,3,2,1,1,1,-2,1,1,1,1,2,-1,-2,-2,1,-1,-1,3,2,1,-2,3,1,-1,2,2,1,-1,1,2,-1,-2,1,1,-1,-1,1,1,-1,2,3,3,2,-3,2,2,-3,35,Female,White,Associate's Degree,Heterosexual,2,Yes
IP Address,287,5,0,5,10,5,2,5,5,5,4,6,7,5,4,3,8,2,2,2,7,3,0,9,5,5,7,3,5,8,4,4,5,4,4,5,5,5,5,5,5,5,3,7,5,1,3,4,4,4,5,5,4,3,4,4,4,2,5,5,6,3,4,6,2,4,4,3,5,4,4,4,4,4,4,4,4,4,4,3,4,4,3,1,3,1,-3,0,3,1,0,0,1,0,-1,0,0,0,-2,0,-1,-1,-2,1,-1,-2,0,0,-2,0,0,-2,0,0,-1,0,0,-1,0,0,-2,0,1,0,1,1,1,1,1,2,1,2,-3,2,1,-2,27,Male,White,High school completion,Heterosexual,4,
IP Address,892,4,1,1,7,7,1,3,4,6,2,4,8,3,2,1,9,1,2,2,3,1,0,9,2,2,6,1,4,9,2,2,7,3,1,6,4,1,6,1,4,4,6,7,6,2,3,6,6,5,5,6,3,3,6,5,5,2,6,5,6,5,6,5,2,5,5,5,5,5,3,5,6,5,6,5,5,5,5,5,6,5,3,2,2,2,1,1,2,2,2,2,2,1,-1,2,2,1,-2,2,2,1,2,2,2,-2,2,2,2,1,2,-1,2,2,1,2,2,1,2,2,2,2,2,1,2,2,2,2,2,2,2,2,-2,2,2,-2,44,Female,Latino,Associate's Degree,Heterosexual,3,Yes
IP Address,511,10,2,6,10,4,1,1,1,7,5,9,10,1,2,0,10,0,1,2,7,1,0,10,2,5,8,0,5,6,4,3,5,1,1,5,1,4,10,0,2,8,6,7,7,1,3,7,6,6,6,7,6,5,7,6,6,2,7,7,6,2,7,7,2,7,6,3,7,5,3,2,5,5,7,5,6,6,2,2,7,6,5,3,3,3,-3,2,3,3,3,3,2,1,-1,3,3,-1,-2,2,-2,2,-1,2,3,-1,-1,1,-2,-1,1,-2,-1,1,1,3,-1,-1,2,-2,-3,-1,-1,-1,2,3,3,2,3,3,3,2,-2,2,3,-3,35,Male,White,High school completion,Heterosexual,3,Yes
IP Address,607,10,2,5,9,5,3,3,5,5,3,5,7,5,3,1,10,1,2,4,8,4,0,10,5,5,7,0,5,7,2,5,5,5,3,6,5,5,8,1,5,7,4,7,6,2,4,4,4,4,6,6,6,6,6,6,4,1,5,4,5,3,4,7,1,4,4,3,4,4,2,4,4,4,4,4,4,4,4,4,5,4,4,0,0,0,-2,0,-1,0,0,0,0,0,0,0,0,-3,-3,0,0,0,-2,0,-1,-3,0,0,0,0,0,1,-2,0,0,0,-2,0,0,-1,-1,0,-1,-1,3,3,3,3,3,3,2,3,-3,3,3,-3,33,Male,Black/African-American,Some college (no degree),Heterosexual,3,Yes
IP Address,261,8,5,6,6,7,7,8,7,5,7,7,6,5,4,5,2,3,7,8,9,4,7,4,7,6,3,5,3,6,6,6,4,4,3,7,5,5,5,6,5,5,7,5,4,6,4,3,5,5,5,4,3,5,4,5,3,4,4,4,3,4,5,5,5,4,4,5,3,4,5,5,3,5,5,3,3,5,6,4,6,6,4,2,-1,0,-2,1,0,1,1,-1,0,0,1,-1,2,-1,2,0,0,0,-1,0,0,0,0,0,2,2,1,1,2,1,1,0,0,1,1,1,2,-1,1,1,1,2,0,1,2,1,1,0,1,1,0,3,31,Female,Black/African-American,Master's Degree,Heterosexual,9,Yes
IP Address,592,3,4,5,8,5,5,5,5,5,5,5,7,5,5,2,8,2,5,3,7,5,0,10,5,5,5,5,5,10,2,5,5,4,2,6,5,2,9,5,5,4,6,7,7,1,3,4,3,4,6,4,4,3,5,6,4,3,0,3,4,2,4,4,4,4,4,4,4,4,4,4,4,3,4,4,4,4,4,6,2,4,4,1,2,2,-1,0,3,3,0,0,1,0,-2,0,0,0,0,-1,0,0,1,1,0,0,0,0,1,-2,1,-1,0,0,0,0,-2,0,0,0,0,0,0,0,-1,0,1,-2,0,-1,1,1,1,-1,1,0,23,Male,Black/African-American,High school completion,Heterosexual,2,Yes
IP Address,697,9,5,6,5,1,6,4,2,3,8,7,1,1,1,2,8,2,2,2,2,3,1,9,5,4,7,9,5,2,7,5,6,4,6,4,6,5,8,3,9,6,6,7,4,2,2,6,6,6,7,6,5,4,4,6,3,6,3,3,3,3,4,3,5,5,4,5,4,4,3,3,4,4,4,2,5,4,3,6,3,5,4,2,2,0,0,0,2,1,0,2,2,1,-1,0,0,-1,1,0,-1,0,-1,0,0,1,1,0,1,-1,0,0,0,1,0,0,-1,1,1,0,1,-2,0,-1,1,2,1,1,2,2,2,2,-2,2,2,-2,45,Male,Asian/Asian-American,Doctorate (Ph.D.),Heterosexual,7,Yes
IP Address,546,7,3,4,7,8,4,4,6,4,6,7,7,4,4,3,8,2,7,4,6,3,3,8,5,5,8,3,5,8,4,5,6,4,3,5,7,4,7,3,5,5,6,7,6,3,3,3,5,6,5,6,5,5,5,4,5,3,7,5,5,3,6,7,5,5,3,4,4,5,2,2,5,3,5,2,5,3,3,6,2,3,2,1,2,1,-2,-2,2,2,1,1,1,0,-1,1,1,1,-2,2,1,-2,-2,-1,-1,-3,-1,0,-2,-1,-1,-3,-1,1,-1,2,2,-2,1,-1,-1,0,-2,-1,-1,1,1,-1,0,-1,1,-1,1,0,-1,-1,50,Female,White,Associate's Degree,Heterosexual,5,Yes
IP Address,693,9,7,10,5,10,9,9,7,3,4,10,1,4,3,3,1,5,5,1,0,8,5,4,6,4,9,8,4,9,8,2,10,8,1,8,0,1,6,7,3,6,4,5,5,3,4,3,4,5,3,3,7,7,7,2,3,2,3,4,6,5,5,4,5,6,4,5,7,6,3,3,2,7,1,5,1,1,4,7,4,4,1,-1,0,-2,2,-2,-2,-3,0,-1,-1,1,1,-1,0,1,-2,1,1,-1,3,1,2,3,3,0,1,3,2,0,2,-1,-1,0,0,0,1,-2,-2,1,3,1,1,-1,-3,1,0,3,-1,3,3,2,0,1,33,Male,Latino,Bachelor's Degree,Heterosexual,5,Yes
IP Address,293,0,0,0,10,10,0,0,5,6,0,10,10,0,0,0,10,0,0,1,10,2,0,10,1,5,10,0,10,3,4,4,7,5,3,10,2,4,9,1,5,10,7,7,7,1,1,7,7,7,7,7,1,1,7,7,7,1,7,7,7,7,7,7,1,6,6,1,7,1,1,1,7,1,7,6,1,7,4,4,7,7,5,3,3,2,-3,0,3,3,3,3,3,-2,-3,3,3,3,-3,3,3,3,3,3,3,-3,3,3,-3,3,3,-3,3,3,-3,3,3,-3,3,3,0,3,3,3,3,3,3,3,3,3,3,3,-3,3,3,-3,26,Female,Latino,Associate's Degree,Bisexual,0,Yes
IP Address,408,7,1,4,10,8,5,5,3,5,4,7,8,4,4,1,9,2,3,3,9,5,0,10,3,5,10,5,9,9,3,8,5,4,5,8,3,4,9,5,3,10,6,7,1,1,1,4,5,5,5,7,6,2,5,3,2,1,5,5,3,1,1,6,2,2,2,3,1,2,1,4,2,2,4,3,3,0,3,3,3,2,2,1,1,2,-1,-1,3,3,1,0,2,-1,1,1,1,-1,-1,0,1,-1,-1,2,2,1,1,0,-1,-1,2,1,-3,2,0,0,-1,3,1,-3,-2,1,-2,-1,-2,-2,-2,-3,2,3,2,2,0,0,-1,-2,41,Male,Latino,Some college (no degree),Heterosexual,2,Yes
IP Address,318,5,0,0,10,10,0,0,5,5,5,10,10,0,0,0,5,5,0,0,10,5,0,10,5,5,5,5,5,5,5,5,5,5,5,5,5,5,5,5,5,5,7,7,7,1,1,4,4,4,4,4,4,4,4,4,4,1,7,4,7,1,4,4,4,4,4,4,4,4,4,4,4,4,4,4,4,4,4,4,4,4,4,0,0,0,0,0,3,3,0,0,0,-1,-1,0,-3,0,-3,0,0,0,0,0,0,0,0,0,-1,0,0,0,0,0,0,0,0,0,0,0,0,0,0,0,3,3,3,3,3,3,3,3,-3,3,3,-3,28,Male,Latino,Bachelor's Degree,Heterosexual,5,Yes
IP Address,795,7,1,8,5,5,1,2,5,5,6,6,8,4,4,0,8,2,4,3,8,4,1,8,3,4,8,1,5,5,4,5,6,4,2,5,5,6,8,2,5,5,6,6,6,5,5,5,4,5,5,6,5,5,5,5,4,5,5,5,5,5,5,5,5,5,5,5,4,5,4,4,4,5,4,4,5,4,4,5,4,4,4,1,1,1,-1,1,1,1,2,1,1,1,0,1,1,-2,0,0,1,1,0,2,0,-1,1,1,-1,-2,1,-1,-2,1,1,1,0,1,0,0,0,1,0,-1,1,1,2,1,1,0,2,-1,2,1,-1,-2,49,Female,White,Bachelor's Degree,Heterosexual,8,Yes
IP Address,340,5,3,1,8,7,5,4,5,4,5,6,8,5,3,1,10,1,5,4,10,5,0,10,4,5,10,3,5,8,9,5,5,5,4,9,5,6,8,1,5,5,5,5,7,2,2,3,3,6,6,5,5,5,7,7,4,1,5,5,6,1,5,7,1,4,4,1,4,4,2,2,3,3,4,3,3,4,3,3,4,4,4,1,1,3,1,1,1,2,1,2,3,2,0,2,1,0,-2,1,-1,0,-1,0,1,-2,0,0,-2,0,0,-1,0,0,0,2,0,0,0,0,2,-1,0,0,2,3,3,3,2,3,3,2,-2,2,2,-2,37,Female,White,Bachelor's Degree,Heterosexual,2,Yes
IP Address,118,5,5,6,5,8,5,8,5,5,5,4,6,3,5,2,10,3,0,3,9,4,3,10,5,5,10,0,6,4,5,8,5,3,5,6,6,4,3,5,5,5,5,4,3,3,3,5,4,3,3,4,4,5,3,5,3,4,3,3,5,4,5,4,4,5,4,4,4,3,4,3,4,3,4,4,3,5,4,3,5,4,4,0,0,1,-1,-1,0,-1,0,-1,0,0,0,1,-1,0,0,0,1,0,0,1,0,-1,0,-1,-1,0,-1,0,-1,1,0,-1,0,1,-1,1,1,-1,0,0,1,-1,1,0,1,0,1,-1,-1,1,-1,-1,30,Female,Asian/Asian-American,Some college (no degree),Bisexual,3,Yes
IP Address,482,5,2,2,9,7,2,4,5,4,6,7,7,4,1,2,8,3,2,1,7,2,0,10,5,5,7,2,5,7,5,5,5,5,2,6,4,6,6,1,4,8,6,7,7,1,4,5,4,4,6,5,5,5,4,6,4,1,5,6,6,2,6,5,1,4,4,3,5,4,2,3,5,4,4,4,4,3,4,4,6,5,4,2,3,2,-1,1,2,2,1,1,1,0,0,1,2,2,-2,1,1,2,-1,2,3,-2,0,1,-1,0,0,-1,1,1,1,2,2,1,1,1,1,1,1,1,2,2,1,1,1,2,3,1,-2,1,2,-2,44,Female,White,Bachelor's Degree,Heterosexual,2,Yes
IP Address,464,2,0,1,9,7,3,2,5,2,2,5,6,1,1,0,8,2,5,5,5,5,0,4,3,5,7,0,5,5,5,5,5,2,5,5,5,5,9,5,5,5,7,7,7,1,3,5,5,6,7,7,7,7,7,7,4,1,6,4,4,4,4,6,4,4,4,0,4,4,3,3,4,4,4,4,4,4,4,4,4,4,4,3,3,3,2,2,3,3,3,3,3,2,3,3,3,3,1,2,3,2,3,3,3,3,2,3,2,3,3,3,3,3,0,3,3,3,3,3,3,3,3,3,3,2,3,2,1,3,3,2,-3,3,2,-3,32,Male,Latino,Associate's Degree,Heterosexual,2,Yes
IP Address,296,1,2,5,10,6,5,7,5,5,3,5,5,3,9,3,10,0,5,1,10,3,0,10,5,2,10,3,4,8,5,1,5,4,4,5,4,4,8,2,5,4,5,5,5,6,7,6,6,4,5,6,4,1,4,6,5,1,6,7,5,1,6,6,1,5,3,3,2,5,1,2,4,3,6,2,3,3,3,1,6,2,3,1,2,3,1,1,1,1,2,0,2,2,-1,0,1,2,-1,0,0,0,-3,2,2,-3,-2,-1,-3,0,0,-3,0,1,-2,0,-1,1,1,-1,-2,0,0,0,1,1,1,3,3,1,1,0,2,0,1,3,33,Female,White,Some college (no degree),Heterosexual,3,Yes
IP Address,461,1,0,3,7,5,5,2,5,5,3,7,8,5,5,0,10,0,0,3,8,3,0,10,3,5,10,5,5,8,5,7,7,2,7,5,9,7,10,5,7,9,7,7,7,1,1,5,4,4,4,7,1,1,4,4,4,1,6,6,5,1,4,6,1,1,4,1,4,4,1,1,3,2,6,2,6,4,4,7,1,4,2,3,3,3,-3,-1,3,3,1,0,2,0,-3,0,0,-3,-3,2,-3,-1,-3,2,2,-3,1,0,-3,-3,0,-3,-3,0,-3,-2,-3,-1,2,-1,-3,0,-1,-1,3,3,3,2,2,3,3,2,-3,3,2,-2,34,Female,Black/African-American,Bachelor's Degree,Heterosexual,5,Yes
IP Address,668,7,1,5,9,7,2,4,4,4,2,7,8,5,3,1,9,0,4,1,9,5,0,10,1,4,10,1,5,8,6,4,7,3,3,7,7,7,9,2,6,7,6,6,6,2,2,6,5,6,6,6,6,6,6,6,4,2,6,4,5,2,5,6,2,5,6,2,5,4,2,2,5,3,3,3,3,3,4,6,3,6,4,0,0,2,-2,-1,2,2,2,1,2,-1,-1,1,0,0,-1,1,0,0,-1,1,2,-1,0,0,-2,2,0,-1,0,0,0,2,0,0,2,2,1,0,0,0,3,3,3,3,2,2,3,3,-2,2,3,-3,39,Male,White,Bachelor's Degree,Heterosexual,2,Yes
IP Address,675,8,2,3,5,5,1,3,4,7,8,7,9,6,2,3,7,1,2,3,4,4,1,7,3,7,7,1,5,2,5,5,6,3,6,5,5,7,7,3,3,6,6,4,6,4,4,4,3,5,5,6,5,6,5,5,4,4,4,4,5,5,4,3,6,4,4,6,4,6,3,4,4,4,5,4,4,4,4,6,4,4,4,2,0,0,-1,0,0,1,0,-1,1,-1,-1,0,-1,-1,0,-2,-1,-1,0,-1,-1,-1,0,0,0,-2,1,1,-2,0,0,0,0,0,0,-1,-1,0,-1,-1,3,3,3,3,0,-1,2,-2,1,-2,3,-2,63,Male,White,Some college (no degree),Heterosexual,9,Yes
IP Address,604,9,0,1,9,8,2,4,3,6,3,6,8,3,2,2,9,2,4,3,4,3,1,10,2,4,9,3,5,8,5,5,6,4,3,6,6,5,9,3,3,4,7,7,6,2,2,4,5,5,6,5,7,5,5,6,6,2,5,6,5,5,7,6,1,5,4,1,6,5,2,2,5,4,5,3,4,2,3,5,4,4,3,-1,1,0,-1,-1,1,2,1,2,2,1,0,1,2,-2,1,1,-1,-1,-1,1,0,0,1,0,2,-1,2,1,-2,1,3,0,-2,2,0,-1,-1,2,0,-2,3,3,3,2,2,3,3,3,-3,3,3,-3,40,Male,White,"Professional Degree (e.g., J.D., M.D.)",Heterosexual,2,Yes
IP Address,591,7,0,3,10,10,2,7,4,5,5,7,9,2,2,0,10,3,3,4,5,2,0,10,5,5,10,0,5,9,5,5,5,5,5,5,5,5,7,3,5,5,7,7,7,1,1,7,7,7,7,7,7,7,7,7,7,1,7,7,7,7,7,7,1,7,7,1,7,7,1,7,7,7,7,7,7,7,7,7,7,7,7,3,1,3,-2,-1,2,3,2,2,3,0,-1,2,0,-1,-1,0,1,0,0,0,0,-1,0,0,1,-2,3,2,0,0,0,0,-1,2,0,-1,0,0,-1,0,3,3,3,3,3,3,3,3,-3,3,3,-3,57,Female,White,Associate's Degree,Heterosexual,2,Yes
IP Address,879,5,5,5,5,5,5,5,5,5,5,5,6,5,4,5,6,4,5,4,5,5,0,6,5,5,6,5,5,5,5,5,5,5,4,5,5,5,5,5,5,5,5,7,5,1,3,4,5,6,5,5,5,4,6,6,4,4,4,4,5,4,4,5,4,4,4,4,4,4,4,4,4,4,4,4,4,4,0,4,4,4,4,2,3,2,-2,-1,3,3,1,1,1,1,1,1,1,-1,0,1,0,-1,0,2,-1,0,1,0,1,-1,0,2,-1,0,1,3,-1,0,-1,-1,0,0,1,-1,3,3,3,3,3,3,3,0,-3,3,3,-3,33,Female,White,High school completion,Heterosexual,3,Yes
IP Address,270,2,3,6,8,6,9,4,7,1,6,2,1,3,8,6,3,2,2,0,3,1,4,1,4,2,1,9,2,7,6,3,1,9,2,3,5,8,2,1,7,6,4,7,5,7,5,7,6,5,6,6,6,7,7,4,5,5,6,7,6,7,7,6,7,7,6,6,6,5,5,5,5,7,6,6,7,5,6,7,6,4,5,3,1,2,2,1,3,2,2,1,2,3,3,1,3,2,3,3,1,0,2,1,2,2,2,3,1,1,1,3,1,2,3,2,1,1,3,3,0,3,2,3,1,0,3,2,1,0,2,3,2,0,3,2,44,Female,Black/African-American,Master's Degree,Bisexual,3,Yes
IP Address,423,7,3,5,7,5,3,5,5,5,5,6,6,5,4,2,9,1,3,3,7,3,1,9,3,5,8,3,5,5,5,5,6,4,5,6,5,5,7,3,8,8,4,6,6,3,3,5,4,5,5,5,4,3,5,5,6,3,5,6,5,3,6,5,3,5,4,4,4,4,4,3,4,3,5,4,4,4,4,4,5,4,4,-1,1,1,-2,-1,2,2,0,0,1,-1,-1,0,0,0,-1,0,0,-1,-2,0,-1,-1,0,0,-1,0,0,-1,-1,0,0,0,0,0,0,0,-1,0,-1,0,3,3,3,3,3,3,3,3,-3,3,3,-3,39,Male,White,Bachelor's Degree,Heterosexual,2,Yes
IP Address,411,6,4,6,6,6,4,4,5,6,5,6,6,5,4,2,8,2,4,4,6,4,2,8,4,5,7,4,5,5,4,5,5,0,3,5,5,5,7,3,4,7,5,4,5,3,3,5,4,5,5,5,5,5,5,5,5,4,6,5,5,4,5,6,4,5,5,5,5,5,5,3,5,5,5,5,5,5,5,5,5,5,5,1,1,1,2,1,1,2,1,1,1,1,0,1,1,0,0,0,-1,0,-1,0,0,-1,1,0,0,0,1,-1,-1,0,0,0,-1,0,1,-1,0,0,0,0,1,1,1,1,-1,1,3,1,1,2,1,-2,32,Male,White,Some college (no degree),Heterosexual,1,Yes
IP Address,426,6,1,2,9,6,2,4,4,5,6,5,8,3,2,1,10,0,3,1,8,2,0,10,5,5,5,2,6,10,3,5,6,4,3,6,4,3,8,3,2,3,5,7,7,1,4,5,5,6,7,7,5,4,5,6,4,1,7,4,5,3,5,7,1,4,4,4,4,4,3,4,4,4,4,4,4,4,4,6,3,4,4,-1,3,0,-2,-2,2,2,2,1,2,1,-1,1,-1,-2,0,0,1,-2,-2,-1,0,0,1,1,2,-1,1,3,-2,0,1,-1,-2,0,1,-2,-1,1,-1,-3,1,1,1,0,3,3,3,2,-3,3,3,-3,32,Female,White,Master's Degree,Gay or Lesbian,0,Yes
IP Address,371,6,3,5,8,5,4,5,5,5,5,5,5,5,5,5,9,1,4,2,5,5,1,9,5,4,7,3,5,9,1,5,5,4,5,4,5,7,8,2,6,5,5,7,7,3,5,7,4,5,6,7,6,6,6,7,5,4,6,7,7,2,5,7,3,4,4,5,6,5,6,2,6,5,6,5,7,5,4,6,5,5,5,1,2,2,-2,0,2,3,0,0,0,0,0,0,0,-1,-1,0,0,-1,-1,0,0,0,0,0,1,-1,0,-2,-1,0,0,-1,0,0,0,-1,0,0,0,-1,3,3,3,3,2,2,3,2,-3,3,3,-3,43,Female,White,Associate's Degree,Heterosexual,0,Yes
IP Address,512,5,2,3,7,5,2,4,4,4,5,5,7,4,3,1,9,3,2,1,6,4,0,10,5,5,8,3,5,7,2,3,5,5,5,5,5,5,7,4,5,3,5,7,7,1,3,4,5,5,5,6,5,2,5,6,5,2,6,6,6,3,5,7,2,3,3,3,4,4,2,4,4,4,4,5,5,5,5,5,3,5,5,-1,-1,1,-2,-1,1,2,1,1,1,1,-2,2,2,1,-2,-1,-2,-2,2,2,-1,-2,-1,0,-1,-2,1,2,-2,1,2,-1,1,1,2,1,-1,-2,1,1,2,2,3,2,2,2,3,2,-2,2,3,-1,31,Female,White,High school completion,Heterosexual,0,Yes
IP Address,404,6,2,5,7,5,5,5,5,5,5,6,6,4,5,3,9,1,4,3,5,5,1,9,4,6,8,4,5,7,5,5,5,5,3,6,5,4,7,3,3,5,5,7,5,3,3,5,4,4,5,5,4,4,5,4,5,4,6,5,5,4,4,6,3,5,4,3,5,4,4,3,4,4,4,4,3,5,4,3,5,5,4,2,1,1,1,1,2,3,1,1,2,1,1,1,1,1,1,1,1,1,1,2,1,1,0,0,1,0,2,3,0,2,2,1,1,2,2,1,1,1,1,1,2,3,3,3,0,1,3,2,-3,2,2,-3,57,Female,White,Bachelor's Degree,Heterosexual,1,Yes
IP Address,1188,10,0,2,10,9,0,4,6,10,6,10,10,7,7,2,9,0,4,6,10,1,0,10,3,5,9,2,7,1,1,10,9,3,3,6,4,6,10,1,3,3,7,7,7,5,5,7,7,7,7,7,7,7,7,7,6,6,5,7,7,2,7,7,5,6,5,5,5,6,2,3,6,5,6,6,6,6,6,6,3,5,5,3,3,3,1,1,3,3,3,3,3,3,1,3,3,3,3,-2,3,3,2,3,3,3,3,1,2,1,3,1,-2,2,2,2,1,2,3,3,2,1,2,2,3,3,3,1,1,1,3,-2,3,-3,-1,1,40,Male,White,Some college (no degree),Heterosexual,10,Yes
IP Address,493,5,2,4,8,7,2,4,4,7,4,8,8,4,2,1,9,1,2,3,8,2,0,10,4,4,9,2,5,7,3,4,5,4,3,5,4,4,6,3,4,4,6,7,7,2,3,5,5,6,7,6,5,5,5,5,5,3,5,5,5,3,6,6,3,4,4,4,5,5,3,4,5,4,5,4,4,4,4,5,4,4,4,0,1,1,-1,0,1,3,1,0,2,0,-1,0,1,0,-1,0,0,-1,-1,1,0,-1,-1,1,1,0,2,-2,-1,1,0,1,0,1,0,0,0,0,0,0,0,2,1,0,1,2,2,2,-3,1,1,0,35,Male,White,Bachelor's Degree,Heterosexual,1,Yes
IP Address,3765,9,10,9,8,9,9,8,2,1,1,5,7,1,3,0,10,6,1,3,9,3,6,10,0,5,10,1,5,10,3,8,6,3,3,6,3,0,9,2,8,8,7,7,7,2,3,7,5,5,7,7,6,6,6,6,6,1,4,6,6,1,6,5,1,6,3,1,7,3,2,5,2,3,6,4,5,5,5,7,2,2,4,3,2,3,-2,-2,2,1,2,1,3,-1,-2,2,2,-2,-2,-1,-2,-2,-1,-1,-2,-2,1,-1,2,-3,-2,-1,-3,-1,0,-1,-3,0,-1,-1,-1,-1,-2,-2,2,3,2,2,3,2,2,2,-2,2,2,-3,28,Male,White,Bachelor's Degree,Bisexual,0,Yes
IP Address,312,7,4,4,7,6,3,4,5,8,5,8,8,5,4,4,8,1,3,4,7,3,0,8,2,5,6,2,5,7,3,5,6,4,4,5,5,4,8,3,5,6,5,6,6,4,4,5,4,5,5,5,5,5,5,5,4,3,4,5,5,4,5,5,3,4,4,4,4,4,3,4,5,4,4,4,4,4,4,4,4,4,4,0,1,1,-1,0,1,1,1,0,2,0,-1,1,0,0,-1,0,0,0,0,0,0,0,0,0,0,-1,0,0,-1,0,0,0,0,0,0,0,0,0,0,0,1,1,1,1,0,2,3,0,0,0,0,-1,46,Male,White,Bachelor's Degree,Heterosexual,6,Yes
IP Address,375,9,0,4,9,6,3,4,5,4,4,7,9,4,2,1,10,2,0,2,9,1,0,10,3,3,10,2,5,10,6,6,7,2,3,7,5,4,9,2,3,10,7,7,7,1,3,6,5,6,7,7,6,5,7,7,6,1,7,7,7,1,7,7,1,7,5,3,6,6,2,2,6,3,6,4,6,6,3,3,6,5,3,-1,3,1,-3,0,1,2,1,0,3,0,-2,1,1,0,-2,1,-1,-2,-1,3,-2,-1,2,1,2,-2,0,2,-2,2,2,1,0,2,1,-1,-2,1,1,-2,2,3,2,2,3,3,3,3,-3,3,2,-3,47,Female,White,Some college (no degree),Heterosexual,1,Yes
IP Address,364,5,3,5,9,6,3,5,5,5,5,5,5,5,5,4,10,1,2,2,8,4,0,10,5,5,8,4,5,5,5,5,5,5,5,5,5,4,6,3,5,7,7,7,7,1,3,6,5,5,6,6,5,5,4,4,4,3,7,6,4,2,4,7,1,4,4,4,4,4,4,4,4,4,4,4,4,4,4,3,4,4,4,1,2,1,0,1,2,3,1,1,0,1,0,2,1,-1,-1,-1,-2,-2,-1,0,-2,-2,0,0,2,-2,3,1,-2,1,1,0,-1,2,0,-1,-1,-1,0,-3,1,1,1,1,1,1,3,1,-3,3,1,-3,33,Male,White,High school completion,Heterosexual,4,Yes
IP Address,274,5,4,5,5,6,2,4,5,6,4,6,7,5,5,2,7,0,0,2,6,2,0,7,3,4,5,4,5,4,5,5,5,4,5,5,3,6,6,3,3,5,4,5,4,3,3,3,3,4,5,5,4,4,4,4,4,3,6,7,4,3,5,5,3,5,4,3,4,4,4,2,3,3,4,2,4,3,3,4,2,3,3,0,0,0,-1,0,0,0,0,0,0,0,0,0,0,0,-1,1,1,0,-1,0,1,-2,1,0,-1,0,0,1,0,0,-1,2,0,-1,0,0,-1,1,0,0,1,1,1,1,1,1,2,0,2,1,0,0,36,Male,White,Bachelor's Degree,Heterosexual,5,Yes
IP Address,2777,6,1,4,6,6,3,6,5,5,5,5,7,5,5,1,9,1,2,2,7,4,1,9,5,5,8,4,5,5,4,5,5,5,3,5,5,3,7,3,5,5,5,5,6,3,4,5,4,6,6,6,6,6,6,6,5,4,5,4,4,4,5,5,3,4,4,4,4,4,4,4,4,4,4,4,4,4,4,5,3,4,4,2,2,2,2,2,2,2,2,2,2,2,2,2,2,2,2,2,2,2,2,2,2,2,2,2,2,2,2,2,2,2,2,2,2,2,2,2,2,2,2,2,2,2,2,2,3,2,2,2,-3,3,3,-2,32,Male,White,Bachelor's Degree,Heterosexual,1,Yes
IP Address,298,9,6,6,7,8,10,8,9,10,10,6,7,7,7,7,9,8,9,10,7,8,9,8,8,5,6,10,10,10,6,8,9,8,9,6,7,7,7,9,6,8,5,6,6,7,5,7,5,5,5,7,6,6,6,5,7,6,5,5,5,0,4,6,5,7,5,7,5,4,6,5,6,6,4,7,6,6,5,5,6,6,5,1,1,1,3,1,2,3,1,1,2,2,0,1,3,1,1,0,1,3,0,2,2,2,2,3,1,0,0,2,0,2,2,3,2,2,1,0,0,2,1,2,2,1,3,1,0,1,3,1,1,1,0,-1,52,Female,White,Bachelor's Degree,Heterosexual,8,Yes
IP Address,378,8,0,2,9,8,4,6,2,6,4,8,10,5,3,2,10,2,1,1,9,2,0,10,4,6,9,2,7,10,8,7,8,5,5,7,5,6,9,2,6,7,2,7,7,1,2,4,2,4,6,5,5,3,5,6,5,1,6,6,6,1,5,7,1,5,2,2,5,3,1,3,3,3,5,4,3,4,4,4,4,4,4,1,-2,1,2,-1,-2,-2,1,1,2,1,-1,1,1,-2,2,-2,1,-2,-1,0,-3,2,0,1,2,-1,3,3,-2,2,3,-2,-2,2,1,-2,-2,-1,-1,-3,3,3,3,3,3,3,3,3,-3,1,3,-3,42,Female,White,Bachelor's Degree,Bisexual,0,Yes
IP Address,259,6,7,6,8,8,9,8,4,4,3,2,2,4,3,6,6,5,7,8,6,7,4,8,4,4,5,5,7,8,6,3,2,5,1,8,6,5,4,4,6,5,4,6,4,6,5,4,5,4,5,6,5,5,4,4,5,5,7,6,4,6,4,0,6,6,5,5,6,5,6,6,5,6,6,5,4,5,5,6,4,4,6,1,0,2,2,2,2,1,1,2,2,1,1,2,2,0,1,3,0,3,2,2,1,2,2,2,2,2,1,1,1,2,2,1,2,2,2,1,1,1,2,1,1,2,2,0,2,1,0,2,1,2,2,1,45,Male,White,Master's Degree,Bisexual,2,Yes
IP Address,391,8,4,4,7,6,3,6,5,5,5,6,7,4,3,3,8,2,2,4,8,4,0,10,4,5,7,4,7,7,3,5,6,3,2,7,6,6,8,3,6,3,6,6,6,2,2,5,4,3,3,5,5,2,5,5,4,2,5,6,5,2,6,6,2,4,4,3,4,3,2,2,3,3,5,3,2,3,3,3,3,3,4,0,1,1,-2,-1,1,2,1,1,1,1,-1,0,1,-1,-2,-1,-2,-2,-2,0,-1,-1,-2,0,1,-1,-1,-2,-1,1,-1,0,-1,-1,0,0,-2,-1,0,-1,1,1,1,1,2,2,2,2,-1,1,2,-2,26,Male,Native Hawaiian or Pacific Islander,Bachelor's Degree,Heterosexual,3,Yes
IP Address,329,8,0,2,10,10,2,2,5,5,2,7,8,5,2,1,10,3,2,3,10,2,3,10,1,5,9,1,5,10,3,5,6,2,2,7,5,5,9,2,5,7,3,6,6,1,1,5,5,5,5,6,4,5,5,5,5,1,4,6,5,1,6,5,1,5,3,2,5,3,1,4,5,2,5,4,2,3,4,3,4,4,4,0,-1,0,-2,-2,1,0,0,0,1,0,2,0,0,-1,-2,-2,0,-1,-2,0,0,1,1,0,1,-3,0,2,-2,0,2,-1,-1,2,-1,-1,-1,0,0,-1,2,2,2,2,2,2,2,2,-3,2,2,-3,33,Female,White,Associate's Degree,Heterosexual,0,Yes
IP Address,514,5,3,4,6,6,4,5,5,6,5,4,4,6,8,1,10,2,0,1,8,4,0,10,4,5,7,3,5,6,2,5,5,5,4,5,6,5,8,0,4,4,4,6,7,3,4,4,4,4,6,5,4,4,4,5,4,4,5,7,5,3,5,5,3,4,4,4,4,4,4,2,5,4,4,4,5,3,4,3,3,4,4,0,0,2,-1,0,0,1,0,2,1,0,0,0,0,1,0,0,0,0,0,0,1,-1,0,0,0,0,0,0,0,0,0,1,2,0,0,0,0,0,0,0,-1,1,1,0,2,2,2,3,-1,-1,1,-3,26,Male,Black/African-American,Bachelor's Degree,Heterosexual,3,Yes